,p_val,avg_log2FC,pct.1,pct.2,p_val_adj
B2M,1.62193497170872e-198,1.03003338458583,0.97,0.928,3.84009323901756e-194
FTL,2.89186590586948e-198,0.956001518287805,0.989,0.989,6.84678171873658e-194
ALAS2,3.60041104538559e-182,0.858570734430582,0.982,0.973,8.52433319105493e-178
GDF15,8.39566533674349e-136,1.70010925026607,0.854,0.501,1.98775772512739e-131
HLA-A,9.12946029137818e-127,0.993834656362956,0.865,0.529,2.1614910185867e-122
CA1,7.66630941114308e-124,1.17798096065312,0.969,0.706,1.81507541618223e-119
AC092490.1,4.84838062545105e-111,1.11427044242156,0.647,0.234,1.14790259688179e-106
HIST1H1D,7.22217473079623e-110,-1.47572413003974,0.655,0.816,1.70992208926332e-105
HLA-B,2.10970735124046e-107,0.741979204272256,0.495,0.087,4.99494312479692e-103
FTH1,2.99192403286684e-105,0.476629776175091,0.994,0.993,7.08367934021554e-101
H1F0,1.30853766163201e-102,-1.05759257607641,0.825,0.917,3.09809376767996e-98
HLA-C,2.95220352814735e-93,0.833665936791775,0.771,0.42,6.98963707324166e-89
HIST1H1E,9.49025594200258e-93,-1.03115156585052,0.638,0.812,2.24691299682853e-88
CCNI,1.40281062953579e-91,0.659351877770402,0.938,0.818,3.32129444648894e-87
SELENOW,7.57243651793344e-87,0.590773434688516,0.564,0.192,1.79285006998592e-82
RPS27L,6.33646091983395e-85,0.771810865051445,0.952,0.876,1.50022048737989e-80
APOE,3.59231929162943e-82,1.4136094691907,0.464,0.136,8.50517515486184e-78
MT-CO3,6.41922241025053e-82,-0.992540344705189,0.973,0.968,1.51981509785092e-77
RPL27A,1.63916394003035e-77,-0.790588094322581,0.958,0.969,3.88088454441586e-73
ACSM3,5.99625226903055e-77,-0.815429700913581,0.101,0.397,1.41967268721567e-72
MT-ND1,1.05010888037485e-75,-0.933339768283263,0.848,0.911,2.48623778517549e-71
HNRNPA2B1,1.15005104459193e-75,-0.669238228295037,0.891,0.932,2.72286085317585e-71
MT-ATP6,3.36667375996487e-75,-1.00067866473314,0.959,0.963,7.97093679409283e-71
RBM3,4.56833389342469e-75,-0.737470746347979,0.596,0.77,1.08159873260723e-70
SRSF3,3.91036794289308e-73,-0.711863161574134,0.718,0.85,9.25818714159367e-69
MT-CO2,3.93320511512693e-73,-0.909811266941636,0.967,0.961,9.31225643057451e-69
TPT1,4.85022188026812e-73,0.315649872049639,0.99,0.989,1.14833853237228e-68
RPS13,7.33036024337413e-73,-0.745020560283603,0.955,0.97,1.73553609122126e-68
CPLANE1,1.45375060662028e-72,0.544437910927605,0.394,0.081,3.44189993623416e-68
MT-ND3,2.79955357516907e-72,-0.921269946520771,0.871,0.916,6.62822304457028e-68
CDKN1A,4.43354438055153e-70,0.754495566585858,0.316,0.039,1.04968596753938e-65
APOC1,6.5522109777313e-70,1.27926782003873,0.713,0.462,1.55130147108766e-65
MT-CYB,2.98941953662062e-69,-0.924740394668279,0.927,0.932,7.07774969490298e-65
HBM,2.59730702712896e-68,0.740108259346504,0.995,0.98,6.14938411743053e-64
YPEL3,4.15831982302062e-68,0.573216216568766,0.621,0.269,9.84523801298363e-64
CA3,7.56856026588279e-67,0.671472061445704,0.39,0.091,1.79193232855041e-62
TYMS,1.53600861402055e-66,0.724321378250786,0.876,0.663,3.63665399455506e-62
H1FX,8.31644896376334e-66,-0.761572084163897,0.789,0.876,1.96900245666061e-61
RPSA,1.34319134860582e-65,-0.7193949304508,0.963,0.966,3.18013983695915e-61
GUK1,1.56114379149533e-65,0.530715853425375,0.959,0.937,3.69616404074434e-61
ITM2A,2.15976449162338e-65,0.441904796448196,0.375,0.085,5.11345841036752e-61
RRM2,1.34282527005476e-64,0.728763907439863,0.927,0.819,3.17927310938166e-60
RPS29,1.30874627812413e-63,-0.648883543682337,0.934,0.944,3.09858768808668e-59
MAP1LC3A,4.16219187348274e-62,0.3085940549282,0.342,0.063,9.85440547965773e-58
RPL27,6.05407257531278e-62,-0.687626863967595,0.917,0.941,1.43336222293105e-57
CCNG1,1.16000960407462e-61,0.560505623706802,0.642,0.351,2.74643873860706e-57
HERC5,1.47410830228536e-60,0.503137606118143,0.433,0.14,3.49009881649082e-56
RPS8,2.82212714105217e-60,-0.738851685461485,0.974,0.984,6.68166821915511e-56
YBX3,3.0292924684878e-60,0.589610984038136,0.941,0.889,7.17215284839172e-56
DDB2,6.33143121012326e-60,0.721759293595352,0.675,0.408,1.49902965330878e-55
ST8SIA1,6.38860008095614e-60,0.635273474030855,0.561,0.241,1.51256495516717e-55
ESPN,9.42278047833555e-60,0.485387370358225,0.402,0.12,2.23093750605072e-55
FBXL5,8.1122061822378e-59,0.538833862035907,0.718,0.429,1.92064593570662e-54
RPL9,5.33404325626497e-58,-0.699531636906216,0.938,0.956,1.26288808135329e-53
SRSF7,7.74235408965966e-58,-0.647043347708001,0.595,0.745,1.83307975426782e-53
TXNIP,2.30417180840309e-57,0.562040277601698,0.902,0.744,5.45535717357516e-53
RPL21,2.59924028479847e-56,-0.551063807325354,0.965,0.97,6.15396129828886e-52
RPL10A,2.83941425222071e-56,-0.821667514581956,0.852,0.901,6.72259718355776e-52
GYPC,1.31621126611517e-55,0.334587885463449,0.993,0.99,3.11626179365427e-51
CRNDE,1.64383228020041e-55,0.542773164420351,0.675,0.373,3.89193730660249e-51
PPDPF,4.92737835109296e-55,0.467260567550224,0.945,0.894,1.16660609840477e-50
SNCA,5.15124206404198e-55,0.54339767035645,0.98,0.933,1.21960807108258e-50
PHPT1,1.2102952695471e-54,0.760786787047268,0.774,0.623,2.86549508017972e-50
HIST1H4C,5.33491769575612e-53,-0.808978423961541,0.958,0.967,1.26309511364722e-48
FDXR,7.52128029616388e-53,0.577795741834978,0.482,0.205,1.78073832291976e-48
TAC3,7.63663426171814e-53,0.476083171120363,0.207,0.01,1.80804952780439e-48
RPL38,8.11113535748331e-53,-0.482897775242447,0.947,0.953,1.92039240723775e-48
FAM111B,2.20693880451402e-52,0.586337711523496,0.243,0.028,5.2251483135674e-48
SVIP,2.74151854544795e-52,0.576367885583329,0.843,0.641,6.49081930820258e-48
RPS17,2.88733128324579e-52,-0.721426898671379,0.93,0.947,6.83604554621272e-48
RGS10,5.04021774907755e-52,0.498566555132964,0.898,0.778,1.1933219542716e-47
HIST1H2AL,3.85036590176396e-51,-1.05234527243879,0.733,0.775,9.11612630901635e-47
TMEM106C,2.01068917835974e-50,0.514358931955538,0.626,0.358,4.76050769868452e-46
CYC1,3.29828894725479e-50,-0.525404379275544,0.653,0.788,7.80902891152044e-46
RPLP2,2.16403118659401e-49,-0.427286402847567,0.984,0.984,5.12356023737997e-45
TMEM14B,2.97099577661657e-49,-0.570645778812744,0.884,0.931,7.0341296007174e-45
NEAT1,3.27905040817551e-49,0.894847784470937,0.903,0.778,7.76347974639634e-45
MDM2,4.07769660568841e-49,0.62340176410024,0.632,0.365,9.65435448362787e-45
HEMGN,6.54516851017457e-49,0.380493638591441,0.975,0.973,1.54963409646893e-44
RPL17,1.03113371492998e-48,-0.736701788799319,0.956,0.959,2.44131218346821e-44
RPL18A,1.0556074830874e-48,-0.62984678723464,0.979,0.967,2.49925627695773e-44
RPS23,1.3712031484943e-48,-0.717919338717836,0.974,0.978,3.2464605743751e-44
TSTA3,3.26188970106448e-48,-0.503959145367233,0.775,0.865,7.72285005624026e-44
BCL2L1,7.58574365357491e-48,0.471700421471704,0.737,0.476,1.7960006674204e-43
EMCN,9.01568313158687e-48,0.287059429155779,0.191,0.01,2.13455313823451e-43
SNRPF,2.36122858874217e-47,-0.594053714585903,0.57,0.713,5.59044480670597e-43
RPL31,4.86800288115282e-47,-0.555562089776415,0.899,0.93,1.15254836214174e-42
EPSTI1,1.13643761578702e-46,0.408917316484353,0.393,0.137,2.69062969913734e-42
LGALS3,1.38902388633963e-46,0.619970989836371,0.977,0.979,3.28865295329771e-42
RPS27,4.91921643631709e-46,-0.464449790984239,0.981,0.983,1.16467368346243e-41
HIST1H1C,5.03707765094722e-46,-0.79343042637538,0.832,0.857,1.19257850463826e-41
RPS16,9.29921248485866e-46,-0.518742821293013,0.97,0.968,2.20168154791514e-41
RPS15A,9.54678321317369e-46,-0.47473103917604,0.98,0.986,2.260296393551e-41
STK17A,1.50738100215477e-45,0.571613292574315,0.79,0.569,3.56887526070164e-41
SELENBP1,3.08132356783522e-45,0.440483077979771,0.734,0.459,7.29534167920668e-41
HNRNPD,6.37899520101448e-45,-0.530561503278552,0.804,0.855,1.51029090379219e-40
ST6GALNAC1,3.37662143367992e-44,-0.371398854543258,0.109,0.32,7.99448890638057e-40
NPRL3,3.44601544939637e-44,0.511202650804454,0.738,0.528,8.15878617799084e-40
NME2,7.5126933470221e-44,-0.902426053868626,0.371,0.555,1.77870527684095e-39
HIST1H3G,2.94653782750969e-43,-0.565261213043026,0.443,0.635,6.97622296041193e-39
RPL35A,3.19793616044824e-43,-0.479439474760785,0.974,0.983,7.57143365347726e-39
ATP5F1B,4.74247294734606e-43,-0.548319483635874,0.733,0.776,1.12282789501365e-38
RPS3,7.25259528601905e-43,-0.495817346553014,0.976,0.986,1.71712445991787e-38
RPL10,1.05156478603661e-42,-0.749088547455173,0.971,0.974,2.48968478742028e-38
AC100810.1,1.18602238288591e-42,0.396180677399946,0.58,0.302,2.80802659372068e-38
MT-ND4,1.97981030108857e-42,-0.756664905721958,0.888,0.904,4.68739886885729e-38
EEF1A1,2.11597933457086e-42,-0.511262578745104,0.984,0.993,5.00979267252996e-38
ZNF428,4.84316133715333e-42,0.367775959967041,0.531,0.272,1.14666687818442e-37
AC016629.2,6.13772737303502e-42,0.50145562063278,0.572,0.338,1.45316833283977e-37
RPL37A,1.15085367086982e-41,-0.581360658235085,0.97,0.972,2.72476115115139e-37
BAX,1.3613613911778e-41,0.538249514942556,0.734,0.527,3.22315922975256e-37
PSAT1,1.48560946466367e-41,-0.606575723511039,0.436,0.6,3.51732896853771e-37
TUBA1B,1.65508631119077e-41,-0.331856392123469,0.968,0.986,3.91858235037527e-37
RPL5,2.51030633899578e-41,-0.691983377820763,0.941,0.942,5.94340128820642e-37
LAPTM5,6.24794569437658e-41,0.373445219025499,0.318,0.104,1.4792636226006e-36
SYNGR1,1.34500642573136e-40,-0.74852527016253,0.25,0.471,3.18443721356156e-36
HIST1H3D,1.90322917863962e-40,-0.737511114147871,0.738,0.775,4.50608540334718e-36
RPL7,2.9592780993441e-40,-0.637710459434134,0.936,0.945,7.00638682800709e-36
FAM210B,3.05854581010748e-40,0.381492850738486,0.935,0.917,7.24141306001047e-36
PHLDA3,3.83813990419679e-40,0.279458343784292,0.239,0.048,9.08718003717632e-36
FAS,4.66242766762722e-40,0.294031796128474,0.358,0.122,1.10387637458742e-35
SLC25A21,4.90126788225918e-40,-0.769549306334539,0.657,0.776,1.16042418380368e-35
NACA,8.43346781336802e-40,-0.56945033144128,0.93,0.94,1.99670783949301e-35
METAP2,9.22593268424061e-40,-0.505275377194278,0.793,0.861,2.18433182232081e-35
RPL11,1.26937076979598e-39,-0.522601475811904,0.98,0.983,3.00536223456895e-35
MRPL57,1.38781564293488e-39,0.4623991203941,0.856,0.703,3.28579231621262e-35
CCDC28B,1.66899810838723e-39,0.350685359786232,0.512,0.263,3.95151992141761e-35
RPL3,1.8505320226951e-39,-0.641536515756118,0.973,0.976,4.38131961693292e-35
XG,2.06526844220551e-39,0.491704247082807,0.356,0.128,4.88972956376576e-35
MT-ND2,2.40271520147854e-39,-0.703389391034965,0.61,0.732,5.68866851102059e-35
ZFP36L2,3.28147479602782e-39,0.541768868823852,0.778,0.621,7.76921972707548e-35
ATP5F1A,4.81371697217746e-39,-0.549184810783865,0.637,0.725,1.13969563033273e-34
AQP1,6.0130792072901e-39,0.432693675978564,0.75,0.533,1.423656633118e-34
SLC14A1,7.47730407372072e-39,0.384461992725086,0.493,0.233,1.77032651249412e-34
SRSF2,5.7799561573757e-38,-0.488236525014461,0.657,0.774,1.36846241982027e-33
MYBL2,5.78622818691011e-38,0.463599615077115,0.831,0.691,1.36994738553284e-33
BOLA3,8.34816959243134e-38,-0.459076868422831,0.569,0.719,1.97651263270404e-33
DNAJC1,1.45431604399616e-37,0.455007801087072,0.735,0.502,3.44323866576531e-33
RPL23,1.79580094455016e-37,-0.799003726567572,0.859,0.872,4.25173831631697e-33
NDUFS7,2.49873020803666e-37,-0.460754127551771,0.515,0.659,5.91599364054759e-33
CCNG2,5.083573722212e-37,0.2965457804582,0.234,0.049,1.20358691447091e-32
RPL13A,5.1275686463968e-37,-0.573704757162894,0.972,0.975,1.21400315272091e-32
RPS12,1.63864264433454e-36,-0.493343070674846,0.989,0.989,3.87965032472646e-32
NDUFB9,1.78334585964818e-36,-0.428341835753264,0.679,0.767,4.22224965730304e-32
ZDHHC12,1.78897861676575e-36,0.35745758038855,0.586,0.345,4.23558577305459e-32
CLIC1,2.25390070759992e-36,0.371398541639089,0.698,0.467,5.33633531531356e-32
NT5M,2.28222335368414e-36,0.392619602670802,0.664,0.436,5.40339201218257e-32
RPL32,2.34209522370136e-36,-0.49394011028438,0.978,0.988,5.54514465163534e-32
RPL30,2.67036880778538e-36,-0.384415483465683,0.98,0.981,6.32236518931267e-32
SLC25A37,3.52470197453208e-36,0.36042911024902,0.995,0.984,8.34508439490216e-32
RAP1GAP,4.29553783065881e-36,0.310181125742862,0.405,0.174,1.01701153678678e-31
NDUFB7,1.09481196276122e-35,-0.466401092541968,0.585,0.706,2.59207680303346e-31
HIST1H2AG,1.11325556370754e-35,-0.67632159332071,0.716,0.77,2.63574387263396e-31
HIST1H1B,1.22798121655877e-35,-0.653305661921271,0.781,0.816,2.90736832832455e-31
RPS18,1.23948457441445e-35,-0.625378764805323,0.977,0.965,2.93460367838366e-31
RPL6,1.36591867075758e-35,-0.560135381291064,0.967,0.968,3.23394904488565e-31
PRDX2,1.73548492725794e-35,-0.271499905721692,0.987,0.989,4.10893411377589e-31
C1QBP,2.10792151238092e-35,-0.525668873825713,0.303,0.486,4.99071497271307e-31
RPL24,3.04753561300366e-35,-0.420773278632202,0.961,0.972,7.21534531734747e-31
RPS25,4.45691098818582e-35,-0.468923862960424,0.965,0.971,1.05521824556287e-30
RPS7,7.66330388566394e-35,-0.486469451785492,0.964,0.974,1.81436382796979e-30
NME1,7.77621178224219e-35,-0.389928628938769,0.132,0.321,1.84109590156366e-30
RPL26,1.77606087274328e-34,-0.506682270912418,0.974,0.979,4.205001722307e-30
TERF2IP,2.3707863565857e-34,0.379993497277209,0.905,0.816,5.6130737778523e-30
ARG2,2.66141294747649e-34,0.329524234901207,0.363,0.141,6.30116129444534e-30
HBQ1,2.92737669652427e-34,0.43142318104954,0.875,0.77,6.93085706669087e-30
SLC22A16,3.45720213486064e-34,0.441385293630605,0.661,0.435,8.18527177449604e-30
FARS2,3.83403567711912e-34,-0.325394255727086,0.137,0.33,9.07746286914724e-30
BBC3,5.05122516546739e-34,0.423513498999535,0.654,0.411,1.19592807017606e-29
HIST1H3H,5.26069285718581e-34,-0.439404873856428,0.259,0.457,1.24552164086731e-29
CTDSPL,1.07803055166012e-33,0.314951522867143,0.306,0.106,2.5523451341105e-29
SAT1,1.22805862016161e-33,0.434699900784276,0.544,0.316,2.90755158909464e-29
HBA2,2.93354596792812e-33,0.346703962335075,1,0.999,6.94546343366662e-29
PSMB6,2.94785355125971e-33,-0.443972556560056,0.699,0.768,6.97933806796248e-29
STMN1,3.50805624758137e-33,0.462066494285378,0.899,0.773,8.30567397177365e-29
RPL23A,3.73069319632387e-33,-0.424580991501217,0.954,0.952,8.83278921161639e-29
HIST1H2BF,5.9762756317694e-33,-0.596794463368151,0.445,0.588,1.41494301857772e-28
APOL3,6.44931072691994e-33,0.315627873663262,0.357,0.154,1.52693880770557e-28
MAP2K2,8.40572502462856e-33,-0.502227099627144,0.763,0.819,1.99013945683106e-28
CDC20,8.56283447760479e-33,-0.542850005514057,0.333,0.532,2.02733669091771e-28
NFIC,1.12679820479009e-32,0.359208103423016,0.421,0.206,2.66780742966103e-28
HSPA8,1.34112278186723e-32,0.450754036920643,0.887,0.779,3.17524229834887e-28
DDIT4,1.44946894707879e-32,-0.747180576356169,0.787,0.851,3.43176267910375e-28
BLOC1S2,1.48999900007517e-32,0.341793814500745,0.571,0.335,3.52772163257798e-28
ARAP2,1.79022680778472e-32,0.266901106827711,0.234,0.064,4.23854099011111e-28
ATP6V1F,2.04327792291944e-32,0.348173269170701,0.61,0.398,4.83766481030406e-28
PDZK1IP1,2.2446701124408e-32,0.275704636686487,0.217,0.051,5.31448095821483e-28
RPL34,2.5547391078558e-32,-0.468901789173709,0.964,0.971,6.04860031175939e-28
SSBP1,2.60196342089987e-32,-0.449336261554791,0.627,0.724,6.16040859532254e-28
SDSL,3.28483893988331e-32,0.335529750037197,0.488,0.252,7.77718467406772e-28
GKAP1,8.47640424811983e-32,0.284280285095477,0.392,0.173,2.00687346978485e-27
RUNX1T1,8.95864040460269e-32,0.297672096639668,0.283,0.094,2.12104770219373e-27
HEXB,9.92603993039444e-32,0.311476161143612,0.405,0.195,2.35008921392019e-27
UBXN6,1.08145136634065e-31,0.35334535416685,0.589,0.366,2.56044425494813e-27
HIST1H2AH,1.09672084679805e-31,-0.606262832838175,0.554,0.672,2.59659627687906e-27
SNRPE,1.13268953925058e-31,-0.526012718543353,0.542,0.656,2.68175575312967e-27
HIST1H4E,1.22024518722815e-31,-0.481517288186593,0.437,0.592,2.88905250528136e-27
RPLP0,1.24621675929811e-31,-0.468736585151693,0.979,0.972,2.9505427993142e-27
GMFG,1.29095159949308e-31,0.430439894112062,0.404,0.207,3.05645700695981e-27
PPP1R14B,1.5021894627419e-31,-0.512397374539889,0.192,0.378,3.55658377198773e-27
AC010615.2,2.75822673384929e-31,0.345675568846266,0.299,0.103,6.53037761506158e-27
RBM38,3.2323648839185e-31,0.440105503683299,0.811,0.646,7.65294709916544e-27
LSM7,4.12097189419455e-31,-0.465323257724021,0.449,0.599,9.75681305669501e-27
FAM83A,5.67060838475957e-31,-0.368967595690513,0.095,0.262,1.34257324117568e-26
RPL7A,6.15088982536187e-31,-0.516656096937146,0.973,0.975,1.45628467505268e-26
RPS3A,6.49484522279085e-31,-0.443980330877982,0.983,0.98,1.53771955494796e-26
RPS28,6.90591702196315e-31,-0.421646017379862,0.982,0.987,1.63504491411999e-26
IL6ST,7.84593709343888e-31,0.29545471019503,0.373,0.165,1.85760406624259e-26
EIF1,8.27655275317317e-31,0.260166988288419,0.977,0.98,1.95955662984128e-26
ATP8B4,8.5693359206315e-31,0.286613775821635,0.148,0.017,2.02887597256871e-26
MND1,9.43924519995069e-31,0.345849398803177,0.566,0.345,2.23483569354032e-26
PNRC1,9.98079519290714e-31,0.340970874164006,0.402,0.188,2.36305306987269e-26
DGKH,1.00125321675333e-30,0.323291359552268,0.263,0.083,2.37056711598518e-26
CEP85L,1.07560865131656e-30,0.261855154567299,0.233,0.065,2.54661104285708e-26
BTG3,1.26762343053329e-30,0.37590166257383,0.843,0.686,3.00122523413063e-26
JUND,1.43591806864967e-30,0.400564727744763,0.854,0.706,3.39967961933496e-26
NLRC5,1.50356392919672e-30,0.268370331661023,0.258,0.083,3.55983795876616e-26
FAM117A,1.92542600851793e-30,0.597553589591865,0.87,0.784,4.55863861776706e-26
CMBL,2.63685300849544e-30,0.28356709477617,0.3,0.116,6.24301318291379e-26
CDK14,2.93420504659156e-30,0.31509774543177,0.275,0.093,6.94702386831019e-26
PHF19,3.87902712289131e-30,0.290836128404928,0.55,0.329,9.18398461615747e-26
RPS26,3.92005342614247e-30,-0.590264635097727,0.855,0.866,9.2811184917349e-26
ACYP1,4.01025906949361e-30,0.326482999204273,0.482,0.265,9.49468937293306e-26
SCFD2,4.90535474721832e-30,-0.324137926810379,0.076,0.234,1.16139178995141e-25
MGST3,5.65508881856094e-30,-0.25277711792207,0.979,0.977,1.33889882868249e-25
ADIPOR1,6.29641149179478e-30,0.333461093450681,0.579,0.355,1.49073838479733e-25
NEURL1B,7.0427648892093e-30,0.3058023268794,0.368,0.164,1.66744501516919e-25
RPL12,1.14179753584592e-29,-0.498512289967265,0.946,0.94,2.70331984586881e-25
RPL15,1.31110914476133e-29,-0.42170866106779,0.972,0.973,3.10418201113691e-25
CENPM,1.41986383876153e-29,0.394726457170453,0.773,0.608,3.3616696246518e-25
RPL13,1.5381172412722e-29,-0.519573844486203,0.982,0.981,3.64164638043606e-25
RPL36A,1.5423088802168e-29,-0.382354015780388,0.975,0.976,3.6515705048013e-25
AP2S1,2.34221141887437e-29,0.33888842519127,0.923,0.873,5.54541975532697e-25
PYCR1,2.45537728472006e-29,-0.259802907904335,0.125,0.299,5.81335125930321e-25
DNAJC21,5.50726898991705e-29,0.320170664074599,0.692,0.475,1.30390100605276e-24
RGS16,5.63254955150826e-29,0.326898635301005,0.208,0.055,1.3335624318151e-24
DDT,6.47422732421241e-29,0.402971137462519,0.875,0.771,1.53283806128053e-24
RPL35,1.15586741564402e-28,-0.389843962914464,0.973,0.982,2.73663169327878e-24
RPL18,1.18677733836727e-28,-0.387240108722718,0.982,0.979,2.80981402631834e-24
HYI,1.35775797220222e-28,0.284131119808185,0.474,0.258,3.21462777498598e-24
GARS,2.5678094305868e-28,-0.375984363590572,0.793,0.837,6.07954560785731e-24
RORA,3.40663322581994e-28,0.398145186965977,0.559,0.337,8.06554482545129e-24
PRELID1,3.43631297258213e-28,-0.547231258955743,0.369,0.521,8.13581459388544e-24
HBD,4.27767967330017e-28,0.352796812820927,0.994,0.997,1.01278343945055e-23
IMPA2,7.32797703020771e-28,-0.361040059306761,0.321,0.502,1.73497184167198e-23
GPX4,7.36585869541776e-28,0.346256367664842,0.658,0.451,1.74394070472711e-23
HBZ,7.52375692172581e-28,0.315227495991529,0.21,0.057,1.7813246887878e-23
BMPR2,7.89630707939099e-28,-0.589196549929966,0.352,0.51,1.86952966411661e-23
NUDT4,8.59819781612073e-28,0.414816289153463,0.877,0.764,2.03570931494474e-23
RPL36,9.32162178109469e-28,-0.538491736772216,0.955,0.94,2.20698717289198e-23
PSMB3,1.78946560988424e-27,-0.389443701458371,0.739,0.793,4.23673877796192e-23
DDX21,2.16798363733189e-27,-0.393744612190419,0.329,0.49,5.13291805974697e-23
FBXO7,2.61761238692554e-27,0.331793802780831,0.918,0.855,6.19745908728492e-23
FBL,4.09299376543601e-27,-0.41998762612305,0.373,0.517,9.69057203904631e-23
ISG20,4.30447261984351e-27,0.361609362465949,0.666,0.474,1.01912693747415e-22
GYPA,5.55957453152244e-27,-0.354124353197472,0.949,0.953,1.31628486608325e-22
GADD45A,5.89786899742273e-27,0.426359658927058,0.815,0.65,1.39637946382981e-22
HIST1H3C,5.91129835781726e-27,-0.36775703762276,0.278,0.453,1.39955899919681e-22
MT-ND5,8.57471748225122e-27,-0.571033241764663,0.569,0.664,2.0301501110978e-22
ZNF524,9.37855161127979e-27,0.276413674076354,0.49,0.273,2.2204658794866e-22
NBAS,1.05535162530897e-26,-0.588498261981631,0.602,0.701,2.49865050808152e-22
RPS14,1.07111680347132e-26,-0.393138004846954,0.98,0.983,2.5359761438987e-22
RACK1,1.186606808646e-26,-0.438642522173864,0.943,0.948,2.80941028015027e-22
SNRNP70,1.70652016757575e-26,-0.322655011904312,0.34,0.511,4.04035714875234e-22
HIST1H3B,1.88878718397619e-26,-0.48293433168007,0.738,0.777,4.47189253678204e-22
RPS11,2.04261460743686e-26,-0.343695973452136,0.97,0.969,4.83609434456751e-22
CCNE2,2.94871309679697e-26,0.330056322786448,0.47,0.261,6.9813731279765e-22
COX4I1,3.84027933756899e-26,-0.366169641415963,0.911,0.918,9.09224535962834e-22
GABARAP,4.4677698973911e-26,0.341607261250239,0.906,0.845,1.05778920090632e-21
EIF3K,1.50010285082301e-25,-0.378491603357928,0.817,0.846,3.55164350960855e-21
MYL4,1.89236860624691e-25,0.412187685703043,0.88,0.795,4.48037191215018e-21
PLCL2,1.99651315303583e-25,0.331801125577546,0.455,0.242,4.72694454112764e-21
MKI67,2.42428845433128e-25,0.34379980423541,0.942,0.871,5.73974534447474e-21
CARHSP1,3.89986164006776e-25,0.387161825463094,0.806,0.647,9.23331241902442e-21
ATP5MC1,3.98037682662486e-25,-0.51952646978733,0.4,0.526,9.42394017471702e-21
HNRNPM,5.22979437810891e-25,-0.39145639991093,0.712,0.768,1.23820611696106e-20
RPS27A,6.96918496210437e-25,-0.409678375793233,0.97,0.975,1.65002423162783e-20
RPL37,7.4965928487995e-25,-0.377681527482495,0.977,0.974,1.77489332288177e-20
EIF3E,9.76389874364258e-25,-0.445314226687609,0.623,0.705,2.31170066654482e-20
RPL29,1.04313765618919e-24,-0.364263666623295,0.969,0.976,2.46973271479353e-20
ATP5PD,1.0915662533606e-24,-0.417081377128402,0.628,0.701,2.58439226145655e-20
SESN1,1.13334331017996e-24,0.325424827456917,0.375,0.191,2.68330362118208e-20
HIST1H2BH,1.18806477154742e-24,-0.426040893290473,0.451,0.583,2.81286215311568e-20
RNF24,1.41083852661972e-24,-0.369945508518342,0.275,0.443,3.34030129562484e-20
TMEM86B,1.47490319773756e-24,0.281606350737513,0.513,0.312,3.49198081096344e-20
CCT5,1.50234755946787e-24,-0.366540523093514,0.585,0.685,3.55695808179612e-20
HIST1H2BB,1.50414377213262e-24,-0.325068053483886,0.16,0.319,3.56121079490119e-20
TFRC,1.71603867019821e-24,0.356690301577591,0.972,0.947,4.06289315556129e-20
ZNRD2,1.845037501027e-24,-0.338123961052922,0.303,0.467,4.36831078743154e-20
SRI,2.18585898868136e-24,-0.347837571978731,0.71,0.798,5.17523974160199e-20
MRPS28,2.27068867527978e-24,-0.278037401976098,0.168,0.324,5.3760825075924e-20
NARF,2.33690652587263e-24,0.296387853999484,0.883,0.798,5.53285989065604e-20
STMP1,2.64847785822456e-24,0.339154331890773,0.887,0.784,6.27053617713247e-20
EIF4EBP1,2.67696541468474e-24,-0.535241336430812,0.431,0.543,6.3379833158076e-20
HIST2H2AC,3.03539919678033e-24,-0.535261816442925,0.682,0.734,7.1866111382971e-20
RPF2,3.3287980876523e-24,-0.257338024377651,0.134,0.288,7.88126235232559e-20
SMOX,3.36635157207676e-24,0.272257462118741,0.459,0.248,7.97017398204893e-20
HBA1,4.15603728970641e-24,0.26122978137896,0.997,0.997,9.83983388710889e-20
ITSN1,4.21080793750928e-24,0.360683170929883,0.477,0.282,9.96950887284698e-20
NDUFS6,5.82273021016164e-24,-0.366003155773836,0.72,0.77,1.37858960455787e-19
EIF2AK1,6.06507726516277e-24,0.303515002450792,0.945,0.921,1.43596769329994e-19
MRPL11,6.64619103557785e-24,-0.387775432484278,0.329,0.481,1.57355218958341e-19
RHCE,8.37068651920928e-24,0.290654211014656,0.933,0.883,1.98184374028799e-19
YARS,8.57379617244523e-24,-0.36068160921673,0.413,0.557,2.02993198178813e-19
RPS4Y1,1.17529098681353e-23,-0.412145090155518,0.744,0.804,2.78261894037971e-19
STAG1,1.25324035698414e-23,-0.385967093275942,0.671,0.749,2.96717186919564e-19
RPS15,1.26373726878536e-23,-0.372348764153174,0.98,0.982,2.99202435757623e-19
MRPS24,1.27834920774902e-23,-0.41981037527032,0.384,0.514,3.02661958426659e-19
HIST1H2AC,1.30511158163476e-23,-0.404765459794953,0.316,0.469,3.08998218067846e-19
RPL39,1.43926495067491e-23,-0.350876901694898,0.96,0.957,3.40760369721792e-19
ANKRD11,1.5625103894369e-23,-0.443617447803948,0.666,0.727,3.69939959803081e-19
SKA2,2.01412129152475e-23,0.312237939622429,0.815,0.674,4.76863356981401e-19
SNRPA1,2.03749975533285e-23,-0.343130529883039,0.286,0.443,4.82398442072605e-19
SNRPB,2.07035508707229e-23,-0.415607715027799,0.792,0.798,4.90177270415235e-19
HSP90AB1,2.2425540454728e-23,-0.586912834072487,0.713,0.753,5.30947095806141e-19
U2SURP,2.49742834393028e-23,-0.369352632065634,0.573,0.675,5.91291134708933e-19
COX5B,2.57128136908346e-23,-0.364484974669554,0.806,0.853,6.08776576944199e-19
RPL41,3.71696435497343e-23,-0.486442908533533,0.98,0.986,8.80028480683509e-19
RHEB,3.74065126180852e-23,0.334987126464983,0.857,0.74,8.85636592745786e-19
GADD45GIP1,3.98913437747716e-23,-0.500959896492974,0.563,0.639,9.44467455211493e-19
PCBP2,4.46656089887165e-23,0.309168181161296,0.856,0.774,1.05750295841685e-18
TMEM59,7.95852087001789e-23,0.307323276050113,0.846,0.713,1.88425940118543e-18
SAC3D1,1.02417388480419e-22,0.313441874440294,0.582,0.378,2.4248340896624e-18
TIMM44,1.15179823955451e-22,-0.253358770896514,0.199,0.355,2.72699751196925e-18
RPLP1,1.2212139321722e-22,-0.331786270307943,0.986,0.987,2.8913461058109e-18
DRAM1,1.32760315013783e-22,0.25988480424782,0.355,0.181,3.14323321826633e-18
MRPL22,1.50017640090215e-22,-0.352610985432294,0.489,0.601,3.55181764677592e-18
HSPB11,1.57314758925325e-22,0.331153884318613,0.639,0.465,3.72458423231599e-18
DEK,1.94988971351991e-22,0.284534878483411,0.965,0.953,4.61655888572974e-18
HNRNPA1,2.1969931015448e-22,-0.473782208462144,0.605,0.691,5.20160086721747e-18
ANKRD9,2.8926847312875e-22,0.304718178548002,0.696,0.512,6.84872036979628e-18
PHB2,5.58889230686743e-22,-0.390594110137234,0.475,0.582,1.32322614257393e-17
TUFM,6.15092775352983e-22,-0.380365080651793,0.419,0.547,1.45629365492572e-17
HMGB1,7.67128888202582e-22,-0.266518191260535,0.976,0.982,1.81625435570843e-17
AC024267.1,7.85825717933582e-22,0.275718203501025,0.31,0.141,1.86052096977955e-17
EIF4G3,7.98664998656318e-22,-0.30217561710475,0.129,0.272,1.8909192508187e-17
EIF4A1,8.72448546726343e-22,-0.493858726688762,0.767,0.776,2.06560917922929e-17
EIF1AY,8.98711229103836e-22,0.345942401007971,0.868,0.789,2.12778870602624e-17
LINC02772,9.20372248317193e-22,0.352099376055292,0.455,0.264,2.17907333511579e-17
GLIPR2,1.10168243932792e-21,0.253038579570489,0.528,0.321,2.60834334335278e-17
XPC,1.17610932804294e-21,0.357322236341316,0.428,0.26,2.78455644507446e-17
PUM3,1.37717502531942e-21,-0.25264243672945,0.124,0.266,3.26059958994625e-17
RPS9,1.62694129842105e-21,-0.356116891326445,0.973,0.967,3.85194621814169e-17
CFL1,1.81542691791017e-21,-0.376680709519382,0.793,0.828,4.29820477084411e-17
CST3,1.89492598328867e-21,0.251444328940104,0.269,0.121,4.48642675803426e-17
RPS5,2.15230761222848e-21,-0.376020261085551,0.97,0.96,5.09580350271216e-17
WNK1,2.15282502158656e-21,0.404000404057942,0.906,0.824,5.09702852110834e-17
KCNH2,3.19254540565323e-21,-0.334384184164235,0.302,0.471,7.55867050242459e-17
HINT2,3.60834710185342e-21,0.29893932658773,0.731,0.592,8.54312259834816e-17
HNRNPA3,3.75341669280516e-21,-0.371878939112987,0.831,0.843,8.8865893618855e-17
C17orf99,3.79588551934283e-21,0.351542198122783,0.675,0.511,8.9871385555961e-17
CTNNAL1,3.79676681069623e-21,0.253241968568019,0.75,0.584,8.98922510100439e-17
OPTN,4.12462004905036e-21,0.295134006454605,0.886,0.808,9.76545042813162e-17
GPANK1,4.51810014374763e-21,0.259722468011043,0.52,0.332,1.06970539003369e-16
OSBPL6,5.07784879369555e-21,0.318816619034533,0.339,0.169,1.20223148039536e-16
PSMB1,5.65370640447179e-21,-0.293832156638281,0.856,0.879,1.33857152832274e-16
EIF3H,5.90072405895421e-21,-0.346171586634231,0.751,0.803,1.397055428198e-16
RBM25,5.9435160669068e-21,-0.331570771115728,0.592,0.688,1.40718686400085e-16
UBASH3B,6.02187796787066e-21,0.264168665262099,0.16,0.043,1.42573982767306e-16
RPL22,7.11038413117447e-21,-0.350124413968854,0.933,0.938,1.68345454689687e-16
HIST1H2AJ,8.12911514160169e-21,-0.340374145459625,0.258,0.406,1.92464930092562e-16
ANP32A,8.8998364054768e-21,-0.364323378275079,0.503,0.612,2.10712526736069e-16
IFIT1B,9.49918572034359e-21,0.273143434988107,0.153,0.04,2.24902721114855e-16
VWA8,9.88079375850252e-21,-0.287666967935181,0.148,0.294,2.33937673026306e-16
SLC2A1,9.93298685865425e-21,0.288534819328561,0.855,0.739,2.35173396865498e-16
SNHG29,1.09974066461993e-20,-0.573171247486124,0.697,0.721,2.60374599755414e-16
PCLAF,1.13692923091462e-20,0.33363241926025,0.932,0.862,2.69179364711344e-16
NOL7,1.50467111297025e-20,-0.373084936594022,0.555,0.635,3.56245932706836e-16
CYTOR,1.63015453057465e-20,0.258671721515399,0.88,0.799,3.85955386658854e-16
ANAPC15,1.69592484950068e-20,-0.3166050432131,0.316,0.462,4.01527167367781e-16
NCOA1,1.75970095346517e-20,-0.362048741684188,0.428,0.565,4.16626797742413e-16
PPIP5K2,1.85734865216625e-20,-0.370371592128509,0.488,0.618,4.39745866886882e-16
EEF1B2,2.33019320897011e-20,-0.386176666242156,0.919,0.911,5.51696544155763e-16
ATP5MC2,2.50843992789589e-20,-0.414543630174695,0.592,0.664,5.93898237328632e-16
RANBP1,2.70987873341809e-20,-0.414423860327853,0.706,0.74,6.41590888924066e-16
RPS2,3.74890323902415e-20,-0.517355466133555,0.974,0.968,8.87590330871358e-16
HSPD1,5.4809856570886e-20,-0.402399973102958,0.669,0.748,1.2976781641723e-15
C9orf16,5.64704206555439e-20,0.399748812978837,0.601,0.479,1.33699367944066e-15
HIST1H2AE,5.86727369205226e-20,-0.255208591461915,0.148,0.287,1.38913571933029e-15
MXD3,5.96913291218862e-20,0.292333046645473,0.651,0.459,1.41325190828978e-15
POLH,6.85413264136072e-20,0.289006242488682,0.315,0.162,1.62278444416856e-15
PSMB2,1.00031558017239e-19,-0.312336675078748,0.55,0.635,2.36834716761614e-15
SLC2A4RG,1.04730553833348e-19,0.301873419872448,0.658,0.493,2.47960059255836e-15
GCC2,1.13282249303301e-19,0.312624758453067,0.561,0.383,2.68207053450495e-15
LPCAT3,1.19634655810154e-19,-0.322622313920282,0.678,0.72,2.8324701109612e-15
EBNA1BP2,1.28022644945081e-19,-0.256574253410191,0.19,0.33,3.03106414171974e-15
ISCU,1.58889002453226e-19,0.295365837909727,0.627,0.441,3.76185602208257e-15
HIST1H3I,1.70512959995566e-19,-0.256282367828321,0.145,0.283,4.03706484085503e-15
STOM,2.22886399039217e-19,0.270933874157233,0.892,0.805,5.27705838365251e-15
AC068587.4,2.24705351310616e-19,0.280537738256565,0.319,0.161,5.32012389763015e-15
BTG2,2.55716197029572e-19,0.294382691144121,0.724,0.567,6.05433668087215e-15
PRKAR2B,3.30666748429452e-19,-0.340884786416831,0.533,0.651,7.82886593581572e-15
E2F7,3.45575644941799e-19,0.298287891811186,0.505,0.326,8.18184896964202e-15
NDUFAB1,3.77367338976161e-19,-0.338822859512391,0.547,0.638,8.93454911759959e-15
PSMA1,3.94003646577162e-19,-0.351816379169955,0.603,0.678,9.3284303363609e-15
NDUFB2,4.09621032982345e-19,0.254823075560341,0.69,0.529,9.69818757689001e-15
ATP6V0B,4.40315102329448e-19,0.281497978192513,0.842,0.725,1.0424900362752e-14
SEC14L1,5.05355065528379e-19,0.290308483754128,0.592,0.402,1.19647865314499e-14
TRANK1,5.23728638941812e-19,0.283428042636668,0.434,0.263,1.23997992555863e-14
SQSTM1,5.42073189955668e-19,0.320919588607252,0.66,0.504,1.28341248453904e-14
EIF5A,5.7680647099259e-19,-0.365206721058601,0.573,0.635,1.36564700072206e-14
MBNL1,6.08337175692196e-19,-0.383979112411601,0.754,0.809,1.44029909716884e-14
RPS20,7.36190539554715e-19,-0.3253330346244,0.969,0.962,1.74300472144974e-14
FAM122C,7.62060457289243e-19,0.278639339864561,0.39,0.235,1.80425433867801e-14
LARS,9.04161366479623e-19,-0.314010296176918,0.421,0.552,2.14069245127716e-14
PSMB7,1.50919204807923e-18,-0.326526909810466,0.632,0.699,3.57316309303239e-14
PPP1R15A,1.59280214830317e-18,-0.294572184152455,0.718,0.786,3.7711183663226e-14
RAB13,1.70011836845567e-18,0.250615974049128,0.567,0.396,4.02520024915564e-14
CAMTA1,1.80245827535295e-18,0.251485113007364,0.605,0.424,4.26750021272564e-14
TIMM8B,1.84397981986614e-18,-0.330810825525446,0.545,0.632,4.36580662151508e-14
NDUFS2,1.95352155252013e-18,-0.273724663037975,0.352,0.49,4.62515762774667e-14
PHB,2.20734775131647e-18,-0.369959790499401,0.295,0.422,5.22611653601687e-14
BNIP3L,2.62087185703085e-18,0.332763374216336,0.844,0.745,6.20517620870625e-14
KIAA1328,2.68298848097234e-18,-0.337454266942233,0.229,0.37,6.3522435275501e-14
CYSTM1,2.69631560184439e-18,0.296580587385751,0.558,0.386,6.38379681892677e-14
INSIG1,2.90945835955831e-18,0.263732003131508,0.585,0.41,6.88843361209025e-14
RPIA,3.26307444282332e-18,-0.296477515358129,0.473,0.592,7.72565505082849e-14
TTC25,4.21603768903732e-18,0.253098456725908,0.324,0.174,9.98189083256475e-14
MTRNR2L1,4.51365437392767e-18,-0.601990267838047,0.586,0.652,1.06865280957111e-13
TPM1,4.58882765690775e-18,-0.382770381448495,0.613,0.672,1.08645083604948e-13
TSPO2,4.61208552656056e-18,0.350075632831333,0.793,0.661,1.09195736926848e-13
C9orf40,4.8442527664934e-18,0.280133241879646,0.67,0.508,1.14692528499498e-13
RUVBL2,4.87280390230804e-18,-0.281621461617974,0.278,0.412,1.15368505191045e-13
RPL19,5.1048870729498e-18,-0.319862589846585,0.958,0.953,1.2086330633916e-13
DDX18,6.39842881963742e-18,-0.353093960243016,0.43,0.535,1.51489200733736e-13
RBM8A,6.89415531188352e-18,-0.2933070038174,0.687,0.719,1.63226021164154e-13
CPQ,7.54023135228407e-18,-0.250211620346231,0.11,0.227,1.78522517496678e-13
DRAP1,7.66098499462029e-18,-0.298487663661045,0.508,0.604,1.8138148073263e-13
ZNF83,7.86405149754529e-18,0.324101946101227,0.554,0.37,1.86189283255882e-13
CD44,8.26187152790181e-18,0.294303938216559,0.538,0.362,1.95608070294603e-13
PSMA7,8.41334176191832e-18,-0.274652196732406,0.918,0.939,1.99194279555178e-13
E2F8,8.43892281981698e-18,0.276289264269728,0.576,0.413,1.99799936681987e-13
RSL1D1,8.56035542894435e-18,-0.263076732832027,0.241,0.383,2.02674975135687e-13
OAT,8.86368462218857e-18,-0.287327012853256,0.676,0.758,2.09856597114937e-13
NDUFA12,9.3539220012292e-18,-0.314542428305474,0.562,0.633,2.21463457301102e-13
SEC61G,1.01342554422394e-17,-0.325423470809998,0.573,0.655,2.3993863185046e-13
H2AFV,1.05590797712342e-17,-0.277315037862434,0.88,0.9,2.49996772663741e-13
RPL28,1.28249596948885e-17,-0.327829416293635,0.981,0.979,3.0364374573618e-13
CPVL,1.48719507872864e-17,-0.342576473831763,0.272,0.415,3.52108306839792e-13
CYB5A,1.55277154283055e-17,-0.314674795261379,0.539,0.642,3.67634190480561e-13
COX5A,1.72580110471325e-17,-0.392449922436632,0.623,0.663,4.08600669551909e-13
SLC20A1,2.04487671600912e-17,0.27330506030465,0.498,0.323,4.8414501128232e-13
RAN,2.44890831380927e-17,-0.267532473843318,0.942,0.947,5.79803532377483e-13
GFI1B,2.49955170071384e-17,0.273314449467889,0.806,0.676,5.91793860661009e-13
SMC2,2.55816919630679e-17,0.28305194044499,0.885,0.848,6.05672138917596e-13
CWC27,2.79776143302106e-17,-0.297885554770908,0.346,0.467,6.62397996882066e-13
S100A4,3.23778150117788e-17,-0.655362812152203,0.382,0.512,7.66577148218874e-13
TYMSOS,3.24280451877887e-17,0.274371279955917,0.644,0.496,7.67766397866085e-13
CARS,3.32472138921971e-17,-0.301474924073578,0.427,0.531,7.87161036111658e-13
NFIA,3.33437102906349e-17,-0.393948677732356,0.887,0.904,7.89445684841071e-13
PSMA6,3.57100825456458e-17,-0.29909889736565,0.632,0.684,8.45471914350709e-13
RPS21,3.62021001348362e-17,-0.276621704009826,0.977,0.968,8.57120922792381e-13
GLUL,3.81484433297e-17,0.289540061933645,0.729,0.584,9.03202544273978e-13
HIST1H2AK,4.16280536714046e-17,-0.288436863679747,0.238,0.375,9.85585798724174e-13
TRA2B,8.57103166128423e-17,-0.335673529824548,0.567,0.653,2.02927745612565e-12
RBBP8,9.83384728982686e-17,0.288472777381299,0.452,0.293,2.32826168433941e-12
POLR2G,1.03707394224454e-16,-0.279369613879386,0.281,0.412,2.45537626565818e-12
SH3BGRL,1.24910034422869e-16,0.281523503189812,0.772,0.649,2.95736997499585e-12
APRT,1.83417510601697e-16,-0.404630629203016,0.446,0.533,4.34259298100579e-12
PRDX5,1.83811128660846e-16,0.30370489950501,0.84,0.769,4.35191228217418e-12
TSPO,2.20500593070399e-16,-0.342094591775494,0.607,0.677,5.22057204153476e-12
GHITM,2.88568378179434e-16,-0.281036528172791,0.877,0.897,6.83214492177628e-12
UBAC2,3.0961983794351e-16,-0.326081555202649,0.435,0.551,7.33055928315053e-12
RALBP1,3.42266464444647e-16,0.270448197458786,0.642,0.481,8.10350081219146e-12
DYNLL1,3.48494969367534e-16,-0.310393064552232,0.827,0.852,8.25096689474573e-12
SLC22A4,3.97054590954432e-16,0.301573398575085,0.732,0.581,9.40066449543713e-12
HSPB1,4.69701380772922e-16,0.264846039998182,0.511,0.345,1.11206498911797e-11
RHOBTB3,4.8594387348361e-16,-0.259360727942361,0.205,0.34,1.1505207148598e-11
SEC63,4.88288503804846e-16,-0.258317210808784,0.261,0.384,1.15607186160835e-11
NDUFAF8,5.21128785053497e-16,0.271434019105676,0.672,0.526,1.23382451149266e-11
HIST1H3J,6.10497462759702e-16,-0.275983403092081,0.239,0.371,1.44541379282987e-11
CAPZA2,6.14111286501592e-16,-0.258438375735376,0.648,0.729,1.45396988192117e-11
IFI27,6.49652718007386e-16,0.439088752181373,0.284,0.157,1.53811777515429e-11
RAC2,7.44853572169278e-16,0.257099362582207,0.432,0.286,1.76351531746798e-11
RPS24,8.34775852763848e-16,-0.277015788163386,0.979,0.975,1.97641530900369e-11
SUMF1,8.60492484657074e-16,-0.335105821476501,0.24,0.364,2.03730200667409e-11
AC130456.3,8.67426068299798e-16,0.263501602355363,0.522,0.36,2.0537179593066e-11
COX7B,8.87723206583044e-16,-0.289017784234417,0.873,0.873,2.10177346390602e-11
TOMM40,9.47959521035299e-16,-0.254313325783887,0.264,0.388,2.24438896200317e-11
ADD3,1.1800721307206e-15,0.252392304706728,0.377,0.231,2.79393877669408e-11
PITX1,1.27636217194176e-15,0.366150951046573,0.537,0.391,3.02191507828931e-11
SNRPB2,1.32684635173314e-15,-0.28089573170346,0.593,0.651,3.14144142236339e-11
NOP58,1.44544789181691e-15,-0.311931442758478,0.347,0.457,3.42224242866571e-11
PRG2,1.54760700984363e-15,0.880557205207166,0.42,0.28,3.66411435650579e-11
ELOB,1.58037624342319e-15,-0.257300070239171,0.904,0.917,3.74169879392875e-11
COG5,1.79841296079428e-15,-0.331837785796598,0.278,0.394,4.25792252597653e-11
ANKRD12,2.3409145507735e-15,0.385631968996764,0.726,0.6,5.54234929041133e-11
HIST1H3F,2.44709059665286e-15,-0.3545489108933,0.415,0.519,5.79373169663532e-11
TRAPPC2L,2.58536701693499e-15,-0.269413235427206,0.221,0.345,6.12111494929528e-11
NEDD4L,2.60009425033969e-15,0.280624918888913,0.569,0.407,6.15598314710425e-11
RPL8,2.78790325402527e-15,-0.290344102639399,0.98,0.98,6.60063974423022e-11
MARCH8,2.87047848183065e-15,0.304112845637882,0.62,0.474,6.79614485358225e-11
ABCC5,3.08699028724312e-15,-0.324345985233019,0.415,0.526,7.30875820407681e-11
RPL22L1,3.2420724986863e-15,-0.387842305466092,0.371,0.467,7.67593084788968e-11
FBXW7,3.6385886453274e-15,-0.383578240479866,0.461,0.563,8.61472247667716e-11
BPGM,3.97918955713559e-15,0.276311016188606,0.556,0.407,9.42112919547422e-11
TBCB,4.3215696250737e-15,-0.261800566294248,0.267,0.385,1.02317482443245e-10
CCT8,4.41323979426607e-15,-0.307766816567058,0.656,0.697,1.04487865369044e-10
RSL24D1,4.54002277691787e-15,-0.295298724999392,0.68,0.701,1.07489579266307e-10
PRDX1,4.82850027079229e-15,-0.27485301948526,0.504,0.608,1.14319572411278e-10
ATP5MC3,5.39799044214161e-15,-0.407678463758495,0.78,0.77,1.27802821708145e-10
DDX39A,5.48528033101379e-15,-0.297039608673589,0.56,0.626,1.29869497117082e-10
RSU1,6.24906765401485e-15,-0.315800876273892,0.599,0.681,1.47952925776456e-10
CCT2,6.2950495144858e-15,-0.281786377421164,0.804,0.823,1.49041592304966e-10
POLR1D,7.15135953022972e-15,0.250125968398538,0.643,0.493,1.69315588237719e-10
LRRN2,7.18297665901486e-15,0.310773031650112,0.533,0.377,1.70064155378836e-10
RWDD1,7.51487574361973e-15,-0.269255108179375,0.517,0.621,1.77922198105941e-10
ACSBG1,8.30020707198336e-15,0.502348586569535,0.324,0.198,1.96515702636278e-10
NFAT5,9.07012045866931e-15,0.270914190277272,0.396,0.256,2.14744171979455e-10
SLIRP,9.42971314143597e-15,-0.327467420823561,0.651,0.677,2.23257888336638e-10
FOXO3,1.01743562318004e-14,0.332124147207222,0.832,0.704,2.40888058144107e-10
NHP2,1.02083820029863e-14,-0.306286193622866,0.296,0.408,2.41693652302703e-10
NPM1,1.02843381950639e-14,-0.593406431636506,0.683,0.691,2.43491991106333e-10
EPS15,1.18520660437536e-14,-0.33659967377819,0.452,0.547,2.8060951565191e-10
NDUFA7,1.22190123502984e-14,-0.288969420084076,0.707,0.739,2.89297336405664e-10
PPIA,1.33436945867763e-14,-0.416876190564897,0.899,0.853,3.15925313036515e-10
MDN1,1.57837116065286e-14,-0.268506651691385,0.236,0.355,3.73695155996172e-10
ABCB10,1.91749390907818e-14,-0.291548959455173,0.844,0.864,4.53985857913349e-10
CPEB4,1.95830887733164e-14,0.33779409689965,0.747,0.629,4.63649209797039e-10
ACTB,2.28221147556821e-14,-0.284593968626112,0.964,0.975,5.4033638895553e-10
DNAJC6,2.6872090565158e-14,-0.35493157566064,0.427,0.519,6.36223616220682e-10
LONP1,2.70661621448613e-14,-0.279773721510983,0.362,0.478,6.40818454941737e-10
PVT1,2.71857489389479e-14,0.416695552592305,0.374,0.24,6.4364979187853e-10
EEF1G,3.44401363989678e-14,-0.28948194918893,0.933,0.911,8.15404669381962e-10
RPS6,4.61687973079438e-14,-0.287348757878411,0.98,0.986,1.09309244506288e-09
LXN,4.79328761053035e-14,-0.300053217740828,0.568,0.659,1.13485877466917e-09
METTL7A,5.23791423213102e-14,0.293692193692217,0.399,0.272,1.24012857359934e-09
MCM7,5.40329758538892e-14,-0.363952349970505,0.661,0.683,1.27928473631668e-09
TUBA4A,5.60136158485717e-14,0.265772275490232,0.586,0.439,1.32617836883078e-09
SPTA1,5.65977723667053e-14,0.287660521335703,0.928,0.849,1.34000885855412e-09
CIT,5.99793855674972e-14,0.299779176986639,0.671,0.53,1.42007193269606e-09
HSF1,6.22328428838697e-14,0.260780183722458,0.601,0.47,1.4734247881185e-09
CENPW,7.7082403526942e-14,0.279558068143712,0.866,0.792,1.82500298590388e-09
ZEB2,9.95459730200106e-14,-0.35585557968931,0.536,0.617,2.35685045722177e-09
AGPAT4,1.15514138092111e-13,0.255552210512896,0.437,0.294,2.73491273346881e-09
UQCRQ,1.21118500927373e-13,-0.318329930799847,0.747,0.752,2.86760162795647e-09
TRAK2,1.21956334586129e-13,0.278734293076675,0.867,0.81,2.88743817766118e-09
CISH,1.31711269747218e-13,-0.257071821330459,0.219,0.337,3.11839602253514e-09
PAICS,1.39825628497195e-13,-0.250343487420826,0.254,0.373,3.31051158029959e-09
ATP11B,1.44431226559454e-13,-0.31445544197594,0.446,0.548,3.41955372002164e-09
FKBP3,1.44447807438863e-13,-0.292935197102865,0.356,0.456,3.41994628892252e-09
CA2,1.54968639944202e-13,0.27128600033806,0.935,0.879,3.66903751931892e-09
HNRNPAB,1.81585364876891e-13,-0.27371653255388,0.824,0.836,4.29921509882528e-09
CCND3,1.82414744749063e-13,0.265490023581433,0.797,0.712,4.31885149667882e-09
PGK1,1.90676443522608e-13,-0.288863187758852,0.258,0.365,4.51445547684127e-09
COMMD10,1.94124125210684e-13,-0.292722435482158,0.25,0.358,4.59608278848815e-09
YWHAE,2.80614963742319e-13,-0.317089778173206,0.68,0.715,6.64383988156314e-09
MRPL20,2.87568427293628e-13,-0.307435750695179,0.539,0.604,6.80847008460395e-09
CCT7,3.27846598278438e-13,-0.286155406921086,0.533,0.594,7.7620960608403e-09
TSPAN5,3.76358668886238e-13,0.331480071760764,0.892,0.826,8.91066784455058e-09
NAP1L1,3.86926857543698e-13,0.251280302905463,0.894,0.809,9.16088027920459e-09
GTDC1,6.02177111218636e-13,-0.285060419967841,0.253,0.366,1.42571452852124e-08
HNRNPU,7.58825761926714e-13,-0.283802989270085,0.727,0.763,1.79659587393769e-08
GAR1,7.822234488553e-13,-0.251756135407187,0.335,0.444,1.85199223750981e-08
MRPL52,8.31478624493169e-13,-0.267569392604174,0.362,0.465,1.96860879135003e-08
MRPS15,9.49881135218088e-13,-0.266687624634653,0.528,0.603,2.24893857574235e-08
SSB,1.05346340901265e-12,-0.297798037182777,0.615,0.669,2.49417996717835e-08
MARCH3,1.48843672751101e-12,0.297101923835293,0.825,0.711,3.52402279605506e-08
ATP5PB,1.67058510980231e-12,-0.266654816785781,0.657,0.696,3.95527730596796e-08
STOML2,1.74173833448921e-12,-0.282375677411909,0.576,0.625,4.12373968073666e-08
HSPE1,1.83488726681591e-12,-0.270535314676886,0.555,0.632,4.34427909291334e-08
HNRNPR,1.8523719040788e-12,-0.26117910502019,0.7,0.732,4.38567572009697e-08
DNPH1,1.92550512689464e-12,0.257063117065827,0.474,0.351,4.55882593843575e-08
SLC25A6,1.93013821870336e-12,-0.287881468391274,0.828,0.82,4.56979524660208e-08
MIS18A,2.50440253151274e-12,-0.253207841102939,0.366,0.457,5.92942343360957e-08
PNN,3.01228980411081e-12,-0.324925936298696,0.406,0.488,7.13189734021275e-08
FOS,3.02205872524674e-12,-0.400769474830058,0.359,0.459,7.15502623789417e-08
GYPE,3.69062156852298e-12,-0.254176513326694,0.732,0.784,8.73791562563501e-08
PSMA3,4.04220495556164e-12,-0.261048913528887,0.425,0.509,9.57032445278773e-08
RPL14,4.5604658218319e-12,-0.304005585177067,0.976,0.974,1.07973588797692e-07
HES6,4.7677243752397e-12,-0.367272491390167,0.862,0.885,1.12880642308175e-07
NCL,4.93989841310229e-12,-0.333111765683989,0.688,0.72,1.1695703482861e-07
REXO2,5.58406327535277e-12,-0.302799462361163,0.622,0.675,1.32208282107252e-07
NDUFA10,6.11276591024659e-12,-0.294404606148663,0.477,0.547,1.44725845690998e-07
TIMM13,6.44345776338644e-12,-0.278999428527856,0.321,0.41,1.52555306005937e-07
ROMO1,6.72122196009506e-12,-0.271407724327203,0.507,0.582,1.59131651127211e-07
ADD2,7.00767717655837e-12,-0.263311785579004,0.584,0.666,1.65913764832196e-07
H3F3B,1.22412609859697e-11,-0.256566888674578,0.831,0.847,2.89824095103818e-07
TIMM10,1.29474655524001e-11,-0.303492513728179,0.56,0.595,3.06544194418625e-07
ASAP1,1.31056485277244e-11,-0.270476277380662,0.788,0.819,3.10289334542402e-07
CDKAL1,1.37082543161867e-11,-0.277418058894575,0.374,0.478,3.24556629190036e-07
MDH2,1.67243248269256e-11,-0.311543151577939,0.434,0.504,3.95965114602291e-07
REV3L,1.99349082109259e-11,0.265760168991102,0.638,0.501,4.71978886801881e-07
PLK1,3.28443331292838e-11,-0.266457931077203,0.279,0.39,7.77622431168924e-07
NDUFC1,3.29868170993263e-11,-0.286422288222527,0.684,0.711,7.80995881643651e-07
TMEM120B,4.10682564979533e-11,-0.267125217129247,0.413,0.497,9.72332040845543e-07
COA1,7.80877564177454e-11,-0.257453063019224,0.418,0.49,1.84880572094654e-06
SFPQ,9.94074960566981e-11,-0.254909243081863,0.678,0.705,2.35357187663839e-06
SEM1,1.43549291550751e-10,-0.252193359140404,0.736,0.738,3.39867302675558e-06
SNRPD1,1.58692705738228e-10,-0.251955330768814,0.72,0.748,3.75720850105829e-06
CSNK1A1,1.9568818099508e-10,-0.250835203285899,0.694,0.72,4.63311337323952e-06
RPS4X,1.96660002937042e-10,-0.253738498987466,0.953,0.945,4.6561222295374e-06
TMEM14C,2.31033899607364e-10,-0.256666920794828,0.811,0.841,5.46995860710396e-06
AP2B1,2.64588103439798e-10,-0.256422979878213,0.608,0.645,6.26438793704066e-06
RTN4,2.66762684825481e-10,-0.312155420824472,0.538,0.569,6.31587332592809e-06
CA8,2.83467189499477e-10,-0.273536272226039,0.626,0.675,6.71136917858962e-06
JAK2,3.99496960339997e-10,-0.287878048958516,0.414,0.489,9.45849003300976e-06
SNRPC,4.49430407973814e-10,-0.279562726645098,0.449,0.508,1.0640714339188e-05
ATG7,4.80935394119601e-10,-0.256633628882665,0.349,0.44,1.13866263911757e-05
EIF3G,5.63171976463567e-10,-0.258773784347266,0.522,0.577,1.33336597147514e-05
XRCC6,5.75440067097269e-10,-0.266668389346626,0.614,0.658,1.36241190285949e-05
ATP5MD,6.25200493987846e-10,-0.255033933341886,0.638,0.669,1.48022468956562e-05
GRB10,6.56807437679125e-10,-0.29103167463174,0.49,0.557,1.5550572894491e-05
FHIT,7.39223231585303e-10,-0.301037211548457,0.203,0.296,1.75018492310136e-05
SLC39A3,1.14791104281377e-09,-0.288715320395056,0.527,0.564,2.71779418496588e-05
MRPS34,1.26076846820403e-09,-0.260047158464676,0.39,0.461,2.98499542531986e-05
ADK,1.3369781854053e-09,-0.285851798048427,0.404,0.476,3.16542955176559e-05
ATAD2,1.4232028579327e-09,0.26911536211259,0.853,0.812,3.36957508644145e-05
S100A6,2.26716709744665e-09,-0.365078086288966,0.723,0.715,5.36774481991469e-05
TSC22D2,2.78118325897334e-09,-0.260896650393862,0.289,0.384,6.58472948394528e-05
BCLAF1,4.07704947153301e-09,-0.264448233539381,0.47,0.527,9.65282232880156e-05
IMPDH2,5.29388445953694e-09,-0.295961613802412,0.33,0.404,0.000125338008463997
MCM5,5.57000034846273e-09,-0.287546549848277,0.47,0.52,0.000131875328250204
MICOS10,7.29154297242729e-09,-0.282755855290429,0.542,0.578,0.000172634571415188
NMU,1.23748058448925e-08,0.261352551014936,0.32,0.223,0.000292985903183674
NCAPG2,1.32652176627544e-08,0.271829609529952,0.641,0.536,0.000314067293383374
TOMM6,1.60964762983703e-08,-0.262113215611884,0.699,0.722,0.000381100172840216
PFDN5,2.65359520925152e-08,0.253530187802627,0.922,0.882,0.000628265201742389
CAMKMT,2.70577675600702e-08,0.320516516810566,0.618,0.493,0.000640619704752221
RABGAP1L,4.87750649819081e-08,-0.256800933108201,0.787,0.797,0.00115479843851166
SNHG5,5.60551985456703e-08,-0.339800707532746,0.303,0.37,0.00132716288076729
DANCR,5.72270567282443e-08,-0.257195475282608,0.213,0.289,0.00135490779509791
TKT,9.54785809894747e-08,-0.331501902714074,0.523,0.557,0.0022605508835068
SNRPD2,1.0576280258421e-07,-0.274731594152461,0.795,0.76,0.00250404011398375
STRN3,2.09424775878118e-07,-0.266354347901034,0.668,0.678,0.00495834099369032
CALM1,2.98395657632572e-07,-0.259203866737026,0.421,0.477,0.00706481559010876
CSNK1G1,6.51744432652999e-07,0.2986544059232,0.503,0.409,0.0154307011874924
RNH1,8.4350851140525e-07,-0.260607893400765,0.467,0.502,0.0199709075160307
LDHB,1.78359111072625e-06,-0.315574199940774,0.495,0.535,0.0422283031375547
NDUFS5,3.47495585831957e-06,-0.257513472589919,0.747,0.738,0.082273054901574
HBG1,1.81332966629882e-05,0.651963495924825,0.428,0.347,0.42932393179291
HBG2,9.11537521660295e-05,1.03609019571356,0.473,0.402,1
TBC1D5,0.000112683201011146,-0.273813568135859,0.656,0.642,1
NASP,0.000427877187453872,-0.278228824106656,0.718,0.664,1
