"","p_val","avg_log2FC","pct.1","pct.2","p_val_adj"
"UBE2S",0,1.12746939341492,0.938,0.509,0
"HBM",2.0813773331804e-297,1.18281627603323,0.99,0.895,4.92786897403792e-293
"CALM3",2.59901604067689e-292,0.972987363933689,0.891,0.54,6.1534303779066e-288
"RHEB",4.84227786786938e-265,0.892917707307,0.799,0.441,1.14645770799675e-260
"TRIB3",1.91768533596315e-255,0.972482372831747,0.446,0.12,4.54031180142636e-251
"TUBA1B",1.86328574625752e-244,0.95779830000614,0.957,0.558,4.4115153328393e-240
"NUSAP1",2.0356755043506e-239,0.834169968907802,0.923,0.472,4.81966532410047e-235
"GNG5",4.34034481779757e-232,0.810247013809894,0.912,0.614,1.02762003906175e-227
"HIST1H4C",4.34489384628435e-228,1.05818364355139,0.937,0.613,1.02869706704628e-223
"HEMGN",5.88655558680441e-217,0.781724060597262,0.976,0.759,1.39370090073181e-212
"BTG3",1.43155614528927e-209,0.793791586466929,0.706,0.375,3.38935232958688e-205
"CKS1B",6.58159110763987e-205,0.739569033668228,0.76,0.398,1.55825751064481e-200
"PPDPF",4.48789473529518e-201,0.781403028882869,0.928,0.689,1.06255395752849e-196
"HIST1H3B",1.45360305503091e-200,0.870235754109235,0.702,0.348,3.44155059309119e-196
"CENPW",1.73536872584152e-199,0.783654848627467,0.762,0.412,4.10865899530239e-195
"PTTG1",6.64342509921297e-198,0.759588976668272,0.881,0.481,1.57289732648966e-193
"CDKN3",8.38868866079546e-189,0.696644342961319,0.803,0.431,1.98610592732993e-184
"SLC3A2",1.3726729338883e-181,0.748959023467691,0.875,0.597,3.24994043827393e-177
"GYPC",1.83817816161923e-181,0.511378091862238,0.988,0.947,4.35207061544969e-177
"HMGB2",5.2964739004833e-177,0.759231326882592,0.969,0.578,1.25399316067843e-172
"TSPO2",1.79908894832743e-171,0.678327724885919,0.839,0.535,4.25952299406001e-167
"DEK",1.9618790099274e-169,0.707447556817815,0.933,0.519,4.64494474390412e-165
"CDKN2D",8.58521868376249e-167,0.722186133211698,0.643,0.321,2.03263637556761e-162
"PTMS",2.94933338287477e-163,0.679585635753491,0.859,0.571,6.98284171729431e-159
"RPS27L",8.09725261003836e-163,0.863023087044946,0.923,0.702,1.91710552795268e-158
"ANP32E",2.05674313334714e-155,0.641490498085453,0.794,0.463,4.86954504251268e-151
"CEBPB",7.20655855407804e-154,0.70068246428883,0.556,0.281,1.70622480326352e-149
"CDK1",1.80636150612265e-153,0.584616578708992,0.714,0.378,4.27674150189598e-149
"MRPL57",1.50113822876001e-152,0.671691505917444,0.731,0.439,3.5540948704122e-148
"UCP2",3.20308654395949e-151,0.640928813273483,0.927,0.743,7.58362770147849e-147
"SAC3D1",8.03689709186792e-150,0.695206387224829,0.491,0.237,1.90281575547065e-145
"TUBB",1.17925663120562e-148,0.683525187523444,0.915,0.521,2.79200800004243e-144
"ANP32B",1.62392755151026e-147,0.530307522130154,0.986,0.904,3.84481087095569e-143
"UROD",1.87169533951348e-145,0.594512917919429,0.959,0.758,4.43142588583212e-141
"GDF15",3.26135221534054e-145,0.893871709631289,0.807,0.517,7.72157750504026e-141
"CENPF",4.90522034130461e-143,0.457806122360088,0.883,0.496,1.16135996800728e-138
"H3F3A",5.61982636661354e-143,0.51758385943886,0.989,0.904,1.33055009055942e-138
"COX20",1.3651021919177e-142,0.701354137252158,0.647,0.39,3.23201594958435e-138
"TCEA1",1.70086653579423e-142,0.730095536079379,0.907,0.754,4.02697161014641e-138
"TUBB4B",1.9589178017141e-141,0.641748354864017,0.866,0.542,4.63793378733831e-137
"TRIOBP",5.76478030412902e-141,0.541619939606766,0.477,0.228,1.36486938480559e-136
"ACKR1",3.38235046471031e-140,0.610294293655447,0.659,0.382,8.00805296024812e-136
"AHSP",3.77930478403194e-139,0.494614810780191,0.995,0.957,8.94788200667403e-135
"RAD23A",1.30675460591678e-138,0.537840370924581,0.954,0.861,3.09387220496856e-134
"HIST1H3D",1.46651565757576e-133,0.668363078763846,0.665,0.355,3.47212247087638e-129
"TMSB4X",1.1394582378572e-132,0.712829055067816,0.599,0.326,2.69778132395071e-128
"HMGN2",5.00047424957888e-130,0.613835308783324,0.939,0.544,1.1839122833303e-125
"UBE2T",3.2755694716953e-129,0.605393940083643,0.679,0.391,7.75523828118578e-125
"MKI67",4.60293910388446e-126,0.43273491685501,0.861,0.469,1.08979186223568e-121
"TMPO",2.41755198868444e-125,0.562814056414563,0.788,0.446,5.72379608840928e-121
"LGALS3",3.98224764954341e-124,-0.995565494201529,0.955,0.933,9.42836953505897e-120
"HIST1H2AL",8.15576597259853e-124,0.610682021816523,0.637,0.338,1.93095915167243e-119
"TYMSOS",2.74564002299943e-122,0.605322643075069,0.514,0.279,6.50057731845346e-118
"HIST1H2AG",6.11176624569366e-122,0.613368689262467,0.621,0.347,1.44702177633043e-117
"PSMF1",2.35505280641707e-115,-0.853655311475184,0.435,0.672,5.57582302447307e-111
"SUMO2",1.71485233211027e-114,0.528181859476945,0.886,0.561,4.06008438150427e-110
"CALM2",1.46197599960157e-113,0.520133424638259,0.928,0.722,3.46137437665668e-109
"EIF1",1.32056791516696e-111,0.445010872302567,0.99,0.944,3.1265765959493e-107
"FBXL5",2.12948939642409e-110,0.588644568512282,0.567,0.339,5.04177909497367e-106
"IFIT1B",2.86517464390607e-110,-1.70167533210424,0.087,0.349,6.78358748691201e-106
"NACA",5.04056670892481e-110,-0.930144417518396,0.826,0.848,1.19340457400504e-105
"HIST1H1B",8.08080656892357e-103,0.472857719910437,0.707,0.382,1.91321176325834e-98
"CHST11",1.85974420973697e-102,-1.14013006912676,0.263,0.525,4.40313039097325e-98
"EPB41",9.46272034521301e-102,-1.06709036492912,0.697,0.829,2.24039366893263e-97
"MZT1",3.17455220623298e-101,0.521697479207412,0.58,0.354,7.51606980347719e-97
"USP1",1.026546680359e-100,0.590418810607674,0.625,0.385,2.43045192041797e-96
"BNIP3L",8.93075749099812e-100,-1.03119549340587,0.751,0.863,2.11444614356872e-95
"SLC25A37",1.93559492704328e-99,-0.769420369228737,0.992,0.975,4.58271454926766e-95
"CA1",9.95521596590137e-99,0.729729693515042,0.837,0.647,2.35699693208681e-94
"MGST3",9.03537871989865e-97,0.489689761986785,0.961,0.777,2.13921626572321e-92
"S100A4",9.39197081645245e-97,-1.896127027299,0.056,0.292,2.22364301050328e-92
"CKAP2",1.00883121134713e-96,0.395948298094762,0.704,0.429,2.38850877598546e-92
"GSTP1",9.94637245968447e-96,0.544639983093328,0.61,0.38,2.3549031435549e-91
"HMGB1",2.74850417027705e-95,0.4234935489444,0.986,0.635,6.50735847354793e-91
"HIST1H3F",5.96217319618683e-95,0.506144664288279,0.397,0.196,1.41160412592919e-90
"RRM2",6.28800198476468e-95,0.397969659595785,0.751,0.438,1.48874734991289e-90
"MZT2B",1.60154467126138e-94,0.477716349134525,0.85,0.536,3.79181716367844e-90
"CENPN",2.52600557138348e-94,0.523862377088186,0.588,0.371,5.98057079080752e-90
"SKA2",4.13000930033392e-94,0.502149191293527,0.61,0.385,9.7782100194706e-90
"CPEB4",7.55513073718562e-93,-1.19052984096159,0.509,0.695,1.78875275333607e-88
"H2AFZ",9.75751317111611e-92,0.458692782216183,0.904,0.525,2.31018881839345e-87
"H1FX",1.00849623080908e-91,0.5215890980782,0.69,0.435,2.38771567606357e-87
"CMC2",3.96988866686045e-91,0.447806210305348,0.514,0.307,9.39910840765881e-87
"SMC2",7.41641026191525e-91,0.454105587147714,0.722,0.432,1.75590929361105e-86
"NIBAN1",1.36677817141641e-88,0.470762627650679,0.434,0.226,3.23598399864549e-84
"NME2",1.63087430610801e-88,-1.00725660400417,0.048,0.27,3.86125800714132e-84
"GYPB",1.69693206322962e-88,0.402434977240743,0.975,0.837,4.01765635290244e-84
"GYPA",9.10429070256054e-87,0.442707612190241,0.921,0.699,2.15553186673823e-82
"HTRA2",3.62343409501389e-86,0.49932107472633,0.638,0.422,8.57884256335488e-82
"FTH1",4.59424849706831e-86,0.41595445091833,0.998,0.986,1.08773427416589e-81
"UBE2C",5.13449180834566e-85,0.350058294999161,0.507,0.272,1.21564228054392e-80
"RAN",1.40807498068149e-84,0.373367971571862,0.9,0.558,3.3337583242615e-80
"CHPT1",4.38494540893531e-83,0.593963281184642,0.782,0.626,1.03817967501952e-78
"MAN1A1",1.71775611151373e-82,-1.3343315155057,0.416,0.622,4.06695936961992e-78
"ARL4A",2.99851575526257e-82,-1.26614210719956,0.399,0.613,7.09928590215967e-78
"MLLT3",3.89552157205056e-82,-0.573135585400316,0.131,0.375,9.22303687398692e-78
"HAGH",9.26734841950322e-82,0.396539668124781,0.919,0.757,2.19413741180158e-77
"CRNDE",1.33246739967031e-81,0.546489629703605,0.482,0.294,3.15474981545942e-77
"SVIP",2.71307725498446e-81,0.510400444758762,0.747,0.533,6.42348170890121e-77
"NUCKS1",7.51617950296636e-81,0.39874891730625,0.84,0.493,1.77953065912231e-76
"NCEH1",1.28313987075411e-80,-0.749105129821701,0.207,0.441,3.03796195799742e-76
"MXD3",2.60598313647399e-80,0.458517629893253,0.456,0.263,6.16992567391583e-76
"DBF4",1.16747889002709e-79,0.426851525301737,0.579,0.361,2.76412302002815e-75
"RGCC",1.77423674398993e-79,0.361241101193304,0.873,0.714,4.20068291507057e-75
"LINC01133",3.94766858027344e-79,-0.606274745206328,0.046,0.255,9.3465001306554e-75
"PRELID1",3.88468167258151e-78,-0.604169792761385,0.088,0.308,9.19737232800399e-74
"KIF22",4.43561441325705e-78,0.418011883055648,0.538,0.333,1.05017606848274e-73
"HECTD4",1.22119431593008e-77,-1.20991873109278,0.564,0.728,2.89129966239606e-73
"SYNGR1",1.27026771487065e-77,-0.884670480828183,0.028,0.223,3.00748584172774e-73
"GADD45GIP1",2.04362601652994e-77,-0.728343666147514,0.24,0.449,4.83848895673628e-73
"C21orf58",1.09175343308887e-76,0.364050756806641,0.623,0.407,2.58483542818121e-72
"STMN1",2.3661885424491e-76,0.384091263681254,0.748,0.431,5.60218799310249e-72
"TMEM14B",3.10393499431967e-75,-0.849649367059136,0.646,0.698,7.34887649255125e-71
"SMIM5",8.27384295097375e-75,0.429669073661914,0.767,0.592,1.95891505707254e-70
"CENPM",1.08858541921913e-74,0.46497088849546,0.553,0.349,2.57733483854322e-70
"DENND4A",5.04258899573758e-74,-0.937555707347461,0.469,0.654,1.19388337063083e-69
"ARL6IP1",1.12123818757009e-73,0.393674565384084,0.888,0.713,2.65464353289095e-69
"TPT1",3.70481925549851e-73,0.318966311912848,1,0.966,8.77153006931827e-69
"USP15",6.52166183900416e-73,-0.72291669439223,0.853,0.865,1.54406865700262e-68
"HIST1H1E",3.57469693297459e-72,0.406120034999435,0.588,0.359,8.46345245851063e-68
"SMC4",4.03391210724207e-72,0.375964371231553,0.769,0.469,9.55069030510633e-68
"GLRX",9.29225624787341e-72,-0.66889912413801,0.023,0.207,2.20003458924651e-67
"CKS2",2.07739826091888e-71,0.39372488907743,0.673,0.44,4.91844812255153e-67
"PEBP1",3.1365104575965e-71,-0.572135080743996,0.051,0.247,7.42600215940547e-67
"LDHB",1.47088813515708e-69,-0.914445514193814,0.102,0.298,3.48247474879791e-65
"CEBPG",3.95420450694609e-69,0.379619325640245,0.404,0.226,9.36197459064555e-65
"ZNF524",4.41419052429819e-69,0.434776565386842,0.343,0.186,1.04510374853284e-64
"TUBA1C",4.78022853292377e-69,0.332964885286451,0.63,0.393,1.13176690745503e-64
"ATP6V1A",8.45845788703346e-68,-0.452116802396773,0.111,0.327,2.00262448933404e-63
"CCDC167",9.18284565699875e-68,0.423710426719349,0.413,0.25,2.17413053775102e-63
"CPVL",1.3583752422994e-67,-0.471595517068575,0.016,0.188,3.21608922366806e-63
"FBXO5",1.66294705304984e-66,0.41095803994834,0.56,0.352,3.9371934428008e-62
"HYI",2.17806599872964e-66,0.403008606649889,0.372,0.21,5.15678905859229e-62
"YWHAH",2.8957964744355e-66,0.39207260080189,0.719,0.468,6.85608773287349e-62
"TRIM58",5.61333228536817e-65,-1.11819926414041,0.551,0.7,1.32901255188377e-60
"DDIT4",7.2096892217539e-65,0.429743819459435,0.676,0.456,1.70696602014245e-60
"C8orf88",7.50680081055606e-65,0.36910095960839,0.413,0.246,1.77731015990725e-60
"HBD",1.44648654767558e-64,0.293287487136091,0.999,0.983,3.42470155027671e-60
"MTRNR2L12",2.12625364174245e-64,-0.624560402853823,0.781,0.832,5.03411812218943e-60
"PPP1R14B",1.97414173471014e-63,-0.516696900145656,0.031,0.203,4.67397797109972e-59
"LRBA",2.70218753807178e-63,-0.713757950119759,0.178,0.379,6.39769921513874e-59
"BAX",3.21136815863908e-63,0.455548037573183,0.613,0.43,7.60323525239389e-59
"RIPOR3",3.46202494230733e-63,-0.749946688237451,0.256,0.461,8.19669025340683e-59
"LPIN2",8.60455081308863e-63,-0.85358998186385,0.354,0.561,2.03721345050686e-58
"CYTOR",1.20224784114909e-62,0.370670657011867,0.728,0.514,2.84644198870457e-58
"PFDN5",1.71322516675115e-62,-0.601022290177329,0.728,0.754,4.05623190480002e-58
"RGS10",1.96229127170614e-62,0.422592197901998,0.753,0.578,4.64592081489146e-58
"ALKBH7",3.63907253310564e-62,-0.301526436235711,0.025,0.193,8.61586812938092e-58
"FAM50A",5.59282891428539e-62,0.412748986280475,0.505,0.342,1.32415817374621e-57
"VPS29",1.15479467866472e-61,0.364384175027658,0.545,0.369,2.73409188120659e-57
"BLOC1S1",1.36155538415159e-61,0.365214290516609,0.838,0.65,3.2236185275173e-57
"XPO7",1.89665624734253e-61,-1.06123396615499,0.292,0.496,4.49052333120817e-57
"C1QBP",2.16365490606087e-61,-0.542332524257706,0.137,0.329,5.12266935558972e-57
"TMSB10",2.94489841779689e-61,-0.477752358354303,0.019,0.18,6.97234149397591e-57
"CD63",3.73584533969639e-61,-0.418432848267301,0.012,0.17,8.84498742626516e-57
"FBXL20",5.50718476865471e-61,-0.565325421726945,0.131,0.335,1.30388106582669e-56
"CDCA4",1.18846729537478e-60,0.387931424950561,0.452,0.291,2.81381516852933e-56
"DCAF12",7.69084948626956e-60,-0.716024825662525,0.206,0.408,1.82088552436918e-55
"WDR26",8.08433692723221e-60,-0.757223559732814,0.225,0.43,1.9140476108915e-55
"CYSTM1",1.03243014374027e-59,0.434286789041463,0.576,0.4,2.44438160831946e-55
"PSIP1",1.14990763284411e-59,0.3723572929114,0.66,0.427,2.72252131152172e-55
"TBCEL",2.27857401669309e-59,-0.687014860953878,0.107,0.295,5.39475184192256e-55
"CCNA2",2.33987893926988e-59,0.376460136219857,0.575,0.371,5.53989737661536e-55
"JUND",3.81164850389172e-59,0.371835887879078,0.768,0.616,9.02445899781404e-55
"MALAT1",1.1529943418961e-58,-0.794441193001119,0.986,0.958,2.7298294038732e-54
"TPX2",1.57935661394922e-58,0.266129218133277,0.673,0.417,3.73928471918617e-54
"TFDP1",1.85716720257719e-58,0.343363562239843,0.795,0.563,4.39702906882176e-54
"FAM13A",4.27988058569619e-58,-0.927357431227502,0.314,0.481,1.01330452746943e-53
"LBR",5.74320053358735e-58,0.37632831916991,0.711,0.472,1.35976015833214e-53
"SLC39A8",9.3802001234601e-58,-0.326605300133152,0.059,0.236,2.22085618123041e-53
"LDLRAD4",1.93092176330821e-57,-0.409006643123464,0.03,0.19,4.57165036680851e-53
"MDN1",2.00034208126861e-57,-0.289246957708162,0.034,0.198,4.73600991161156e-53
"MT-CO1",2.19565214059817e-57,-1.14106965233974,0.877,0.859,5.19842600808023e-53
"TMEM106C",2.57734276173716e-57,0.40051935978391,0.406,0.25,6.1021167226889e-53
"MCM6",2.76412795887111e-57,-0.2783552763668,0.033,0.197,6.54434935542325e-53
"SNHG6",3.24507172028822e-57,0.389815282022075,0.687,0.474,7.68303180495438e-53
"GGCT",5.59281941287532e-57,-0.267397579005219,0.038,0.203,1.32415592419236e-52
"ECI1",8.16578570162311e-57,0.373556006820562,0.522,0.344,1.93333142271629e-52
"NME1",9.0055870797369e-57,-0.408831651758247,0.022,0.174,2.13216279699851e-52
"SGO1",1.53523508266986e-56,0.374582847651962,0.465,0.302,3.63482258172917e-52
"TMCC2",1.91208393535757e-56,-1.04287344391403,0.086,0.255,4.52704992535258e-52
"MYL12B",1.97075178819805e-56,0.366364861640091,0.788,0.639,4.66595193373771e-52
"EIF3B",2.55120500491434e-56,-0.415729187297435,0.206,0.41,6.04023296963519e-52
"PSMA7",3.74231243939923e-56,0.344583154521842,0.891,0.666,8.86029893152162e-52
"PPP3R1",4.02832737554136e-56,-0.621876505870719,0.242,0.44,9.53746789433172e-52
"SPTLC2",6.29866691123342e-56,-0.436644394675973,0.123,0.311,1.49127237790362e-51
"RPS11",9.65991502279072e-56,-0.631202074915828,0.935,0.877,2.28708148079593e-51
"ATAD2",9.81088817586344e-56,0.254512400221489,0.678,0.42,2.32282588451743e-51
"UBR2",1.26504795992416e-55,-0.832048825014992,0.233,0.431,2.99512754991643e-51
"RANBP17",1.38906672184161e-55,-0.321406236489231,0.019,0.168,3.28875437063219e-51
"HYLS1",1.64761293986933e-55,0.285317875454218,0.26,0.126,3.90088839643462e-51
"ATG14",2.92611980651216e-55,-0.771361124394081,0.225,0.412,6.9278812538982e-51
"UBALD2",2.96110004655134e-55,0.463193326157625,0.512,0.342,7.01070047021496e-51
"RNF10",9.95898073671592e-55,-0.624781573765578,0.325,0.528,2.35788827922486e-50
"DPCD",1.29506664970683e-54,-0.339848867999901,0.036,0.194,3.06619979984588e-50
"CA2",2.23155226704801e-54,0.386092251095884,0.785,0.588,5.28342314746286e-50
"TCP11L2",2.28911022899787e-54,-0.927783806784864,0.154,0.319,5.41969737817536e-50
"TRIM59",3.29430105773433e-54,0.358759034100204,0.566,0.386,7.79958718429181e-50
"HES6",4.03501073990887e-54,0.348838902947014,0.66,0.447,9.55329142780824e-50
"H1F0",4.7857994506622e-54,0.529114186393993,0.691,0.499,1.13308587793878e-49
"HIST1H3G",9.28187004428837e-54,0.376093128869101,0.396,0.238,2.19757555168571e-49
"SNRPG",1.78630037567111e-53,0.293886379181001,0.765,0.485,4.22924476943892e-49
"CD82",2.21206404838235e-53,-0.272787869870441,0.044,0.205,5.23728284095005e-49
"MT-ATP6",3.6524063495547e-53,-1.35036085833376,0.73,0.746,8.6474372732057e-49
"CORO1C",4.25669922355174e-53,-0.443364096128472,0.13,0.319,1.00781610816811e-48
"RAD21",5.07839616421446e-53,0.349137169249925,0.769,0.561,1.20236107583942e-48
"BCAP29",7.32238003380827e-53,0.391636583159756,0.535,0.377,1.73364669680445e-48
"ARHGEF12",7.41877466756082e-53,-0.775625291746372,0.312,0.503,1.7564690902917e-48
"TNRC6B",1.60930952347205e-52,-0.735863575565004,0.45,0.611,3.81020122777244e-48
"HNRNPA1",1.95942536239945e-52,-0.796612832669588,0.239,0.394,4.63913548801694e-48
"HIST1H2BH",2.22627968721104e-52,0.402251134284133,0.381,0.231,5.27093978744087e-48
"EEF1D",2.25282940814803e-52,0.355030057341919,0.861,0.6,5.33379890673127e-48
"UBAP1",3.40826301959413e-52,-0.584704987089832,0.138,0.321,8.06940352519107e-48
"MBD5",5.63456768265332e-52,-0.598265650227207,0.247,0.439,1.334040244545e-47
"SPCS2",1.16142304300379e-51,0.35987636160752,0.635,0.452,2.74978519661578e-47
"FTL",1.29303749132055e-51,0.365300261345314,0.997,0.977,3.06139556445054e-47
"TMBIM6",2.72429198716402e-51,0.434415863828517,0.781,0.635,6.45003370880954e-47
"JPT1",3.12088761523762e-51,0.336300031851489,0.662,0.459,7.3890135178366e-47
"CEP57",4.84246176251845e-51,0.338825968569833,0.659,0.472,1.14650124689387e-46
"AQP1",7.40517327665914e-51,0.351291526983776,0.491,0.323,1.75324882498182e-46
"RAPGEF2",1.27210824741083e-50,-1.13006309116342,0.501,0.652,3.01184348656988e-46
"KIAA1211",6.0103157104056e-50,-0.420248906062329,0.059,0.216,1.42300234759563e-45
"AKR1C3",8.57181998957092e-50,-0.337126645450373,0.059,0.218,2.02946410073081e-45
"HARS",9.55166212931494e-50,-0.266493191834281,0.073,0.242,2.2614515257366e-45
"MICOS13",1.12659995799813e-49,-0.265648540196896,0.061,0.223,2.66733806055637e-45
"AC069410.1",1.12718390495022e-49,-0.462531028534373,0.062,0.221,2.66872061336015e-45
"HSPB1",1.51871000582371e-49,0.378664581957979,0.507,0.355,3.59569780978822e-45
"RSL1D1",1.60743143956548e-49,-0.294593765636623,0.06,0.221,3.80575467631524e-45
"ACSBG1",3.8504513546334e-49,-0.39717011525536,0.033,0.177,9.11632862723003e-45
"MBNL1",5.13880250541649e-49,-0.799384247795704,0.524,0.628,1.21666288118241e-44
"HMGB3",6.79456517107733e-49,0.405901215012546,0.495,0.344,1.60868124990427e-44
"NUDT1",8.57258394990483e-49,0.333731713438127,0.711,0.491,2.02964497597947e-44
"SNHG8",8.74837857485581e-49,-0.290934745287435,0.062,0.221,2.07126611138286e-44
"GALNT2",9.95637953694132e-49,-0.472843528224441,0.119,0.293,2.35727241916623e-44
"FADS2",1.74251205816706e-48,-0.295495283446077,0.054,0.209,4.12557154891634e-44
"FTX",2.58827550212948e-48,-0.578102618994933,0.204,0.387,6.12800107884177e-44
"DNAJC1",1.91526424033818e-47,0.33564684116749,0.501,0.345,4.53457961542468e-43
"UBE2H",2.01968332748116e-47,-0.977174285653875,0.46,0.587,4.78180224614439e-43
"PTH2R",2.32324745003327e-47,-0.268674116710345,0.006,0.128,5.50052066269876e-43
"KLHL18",2.72902239625825e-47,-0.336693723548472,0.128,0.306,6.46123342538104e-43
"TAGLN2",2.85582439260953e-47,-0.383524375325764,0.059,0.209,6.76144983194233e-43
"ATP6V0B",3.29498226875447e-47,0.318145608123979,0.728,0.568,7.80120001950307e-43
"FAM210B",3.54046867654786e-47,0.330882068985566,0.922,0.836,8.38241363859471e-43
"BMP2K",5.16479662664216e-47,-0.803780596664622,0.629,0.705,1.2228172493238e-42
"ARHGAP15",5.46934363054146e-47,-0.492518773479378,0.088,0.248,1.294921797967e-42
"TIMM13",5.54879490717684e-47,-0.427341692679061,0.109,0.272,1.31373268222319e-42
"MT-ND4",6.77183816092283e-47,-1.28167963915343,0.575,0.62,1.60330040298009e-42
"AMBRA1",1.02657447557929e-46,-0.45599826018509,0.13,0.308,2.43051772838153e-42
"B2M",2.14313119442734e-46,0.275331299635875,0.956,0.862,5.07407741592618e-42
"MT-CYB",2.28121789459951e-46,-1.19741857134377,0.657,0.687,5.40101148725379e-42
"RB1CC1",3.8996307778003e-46,-0.733156124421045,0.494,0.646,9.23276582951998e-42
"VPS50",5.42054620706058e-46,-0.416474566760493,0.102,0.27,1.28336851998366e-41
"MT-CO3",5.77848700495846e-46,-1.36611061893403,0.836,0.812,1.36811458329396e-41
"C2orf88",8.4091299115978e-46,0.339743624318252,0.379,0.237,1.99094559786989e-41
"STX18",8.68787154138487e-46,-0.444307365948415,0.101,0.264,2.05694046613828e-41
"MT-CO2",1.0337424347063e-45,-1.44863297168871,0.759,0.753,2.44748858841063e-41
"NHP2",2.07985169891226e-45,-0.309057648236044,0.073,0.228,4.92425688234466e-41
"TOMM22",2.71116568442239e-45,-0.277133948724195,0.091,0.253,6.41895587443845e-41
"HSP90AB1",2.82097836384045e-45,-0.694740420491186,0.591,0.658,6.67894837422865e-41
"ACSM3",3.76203801727819e-45,-0.311590003921894,0.022,0.15,8.90700120970783e-41
"ESCO2",4.12881857988138e-45,0.321184850338649,0.48,0.324,9.77539086972716e-41
"MYBL2",6.11819668500202e-45,0.329129485978634,0.588,0.399,1.44854424714108e-40
"RUNX1",6.39536962848817e-45,-0.411215580680502,0.048,0.191,1.51416771324086e-40
"ATP6V0A1",8.23465441796949e-45,-0.361425428926099,0.144,0.32,1.94963677999846e-40
"LAMTOR5",8.55409995392328e-45,-0.437504894288324,0.374,0.542,2.02526870509088e-40
"ATF5",1.22572962865291e-44,0.489057430766915,0.351,0.217,2.90203746879862e-40
"NSUN3",1.31368129097923e-44,-0.464753865374235,0.039,0.174,3.11027182452242e-40
"MT-ND3",1.51643943462474e-44,-1.18525387564973,0.527,0.594,3.59032200541753e-40
"DCAF6",1.51957975443205e-44,-0.526445029887667,0.327,0.494,3.59775702659331e-40
"WDR34",1.97351936583886e-44,0.388401166670795,0.384,0.258,4.67250445056008e-40
"ARG2",2.3365877966486e-44,0.320613058567812,0.329,0.181,5.53210526734522e-40
"MIF",2.47566754029317e-44,-0.537398030219514,0.024,0.15,5.86139046839812e-40
"APOE",3.03348663289548e-44,-0.716925767489724,0.075,0.222,7.18208295204333e-40
"NUF2",5.99760275232424e-44,0.309154342626117,0.492,0.335,1.41999242764029e-39
"NDUFAF3",7.88617631582481e-44,0.332582672837211,0.582,0.435,1.86713110453468e-39
"ATP2B4",1.28169984227608e-43,-0.26878214744152,0.074,0.228,3.03455254657284e-39
"CENPA",1.29923596634491e-43,0.30907623371022,0.369,0.228,3.0760710739182e-39
"ATP5MC1",1.54171847699686e-43,-0.539674772028019,0.122,0.275,3.65017266613776e-39
"JMJD1C",2.23591300978795e-43,-0.639372764191774,0.359,0.517,5.29374764197396e-39
"C22orf34",2.25741173574306e-43,-0.293226333710801,0.039,0.174,5.34464802554528e-39
"FBXW7",2.82692826598696e-43,-0.465023716809331,0.163,0.331,6.69303536255073e-39
"PRDX6",3.40735977479776e-43,0.282535731849514,0.927,0.786,8.06726500281117e-39
"CHD2",3.86868416452891e-43,-0.568406806339683,0.317,0.497,9.15949662793864e-39
"TOP1",4.13765845331036e-43,-0.635707225972707,0.889,0.897,9.79632015405762e-39
"HIST1H2AH",5.63495921506787e-43,0.306784624574545,0.44,0.285,1.33413294375947e-38
"TMEM14C",6.68089945405595e-43,-0.818973987841571,0.512,0.561,1.58176975474229e-38
"CBX3",6.77811195342737e-43,0.347420830446048,0.636,0.461,1.60478578609346e-38
"SNHG29",1.7739925706339e-42,-1.17327440300675,0.35,0.449,4.20010481023282e-38
"FHIT",1.82086745814454e-42,-0.356395724562354,0.042,0.175,4.311085793903e-38
"KDM5D",2.48655144679298e-42,-0.407103679327381,0.077,0.225,5.88715920542705e-38
"NEAT1",3.17729422771424e-42,-0.806598295458099,0.74,0.779,7.52256181353625e-38
"UBR1",3.54947767461079e-42,-0.382985366586196,0.17,0.338,8.40374334240852e-38
"AL359513.1",6.34747498961329e-42,0.267787695162948,0.183,0.081,1.50282817854084e-37
"KCNH2",6.56677150138317e-42,-0.45998012187967,0.104,0.251,1.55474882066748e-37
"ZEB2",6.60988150807576e-42,-0.583167753771839,0.243,0.399,1.56495554585202e-37
"RHBDD1",7.20894552570932e-42,-0.521070623740099,0.21,0.379,1.70678994266694e-37
"BIRC5",8.09053955301571e-42,0.307794791462402,0.577,0.398,1.915516144572e-37
"DPF3",8.36329469472182e-42,-0.456620047193394,0.146,0.311,1.98009365192234e-37
"FCGRT",1.07505630490788e-41,-0.252292790000449,0.055,0.195,2.54530330749989e-37
"KDM5B",1.32607374407235e-41,-0.267761757567678,0.061,0.204,3.13961219646569e-37
"YEATS4",1.36494192622119e-41,0.320866747850537,0.466,0.328,3.23163650452129e-37
"FAM222B",3.60389713863285e-41,-0.680399254593213,0.124,0.284,8.53258686542713e-37
"GLIPR2",4.33976185100588e-41,0.309363142495558,0.375,0.246,1.02748201584415e-36
"RICTOR",6.81529121415912e-41,-0.464302037887545,0.158,0.324,1.61358834786431e-36
"APOC1",7.13621781659356e-41,-0.939057007130182,0.209,0.352,1.68957093025669e-36
"BTBD6",7.43055574954613e-41,0.268090992545014,0.233,0.125,1.75925837926254e-36
"FBL",8.68384367107919e-41,-0.359178535390584,0.12,0.271,2.05598682756471e-36
"GNAS",1.12171201896516e-40,0.28820085676485,0.847,0.65,2.65576537610191e-36
"PIP4K2A",1.14581755546988e-40,-0.697596908732672,0.485,0.629,2.71283764433048e-36
"NLK",1.56201725609532e-40,-0.318490663684731,0.069,0.211,3.69823205553128e-36
"ATP1B3",1.65643489871892e-40,0.272803834297139,0.613,0.452,3.9217752662069e-36
"BPGM",1.79859779329571e-40,-0.776088808276787,0.488,0.619,4.25836013540693e-36
"SDSL",1.8758087294161e-40,0.303955017108198,0.372,0.244,4.44116474776555e-36
"ABCC5",2.19841065734526e-40,-0.361810307393562,0.12,0.275,5.20495707233063e-36
"GAS5",2.58698271547143e-40,-0.493214679761684,0.178,0.327,6.12494027715015e-36
"UBR3",4.22214682085124e-40,-0.351316357531776,0.095,0.247,9.9963548130474e-36
"HSP90AA1",4.40411484353356e-40,0.283115870895299,0.952,0.722,1.04271823035501e-35
"MT-ND5",6.34508201747206e-40,-0.675905523004877,0.28,0.42,1.50226161845668e-35
"KIDINS220",6.38911007869676e-40,-0.400456575283334,0.175,0.347,1.51268570223224e-35
"RAB5IF",7.54285183805602e-40,0.343871911500656,0.502,0.374,1.78584560117814e-35
"GTF2I",9.13163342511491e-40,-0.345041741529323,0.149,0.311,2.16200552973021e-35
"RANBP10",1.01759536869483e-39,-0.628346484872055,0.36,0.514,2.40925879492188e-35
"ERFE",1.17200004166165e-39,0.357525426125148,0.367,0.243,2.77482729863812e-35
"BBC3",2.69492078509293e-39,0.293822768710558,0.541,0.397,6.38049445078603e-35
"APRT",2.79411922028247e-39,-0.467926079599878,0.154,0.301,6.61535666594077e-35
"CDK6",3.2656426089778e-39,-0.409978081685557,0.063,0.196,7.73173544101583e-35
"DNPH1",3.38387212709536e-39,-0.255985378525281,0.092,0.24,8.01165564811098e-35
"ACSL4",5.50660343611444e-39,-0.258655780860054,0.06,0.195,1.30374342953445e-34
"RERE",5.61923118393501e-39,-0.332419970815704,0.081,0.225,1.33040917510845e-34
"GNAQ",5.89745711216283e-39,-0.588369856849715,0.225,0.369,1.39628194587567e-34
"UBR4",5.91792486538547e-39,-0.464728533396842,0.162,0.327,1.40112789112867e-34
"SPECC1",6.05539791849654e-39,-0.766879199428371,0.549,0.648,1.43367601118324e-34
"AGPAT4",1.02601701395522e-38,-0.637751172472726,0.151,0.301,2.42919788224037e-34
"HERC1",1.12114595779321e-38,-0.820583340957103,0.467,0.615,2.65442516967122e-34
"EIF5",1.4680548949804e-38,-0.604479770861537,0.694,0.759,3.47576676935559e-34
"CA8",1.52452608758382e-38,-0.622077043284914,0.357,0.508,3.60946796496344e-34
"EIF3E",1.65056871288155e-38,-0.535392089173889,0.278,0.413,3.90788648461836e-34
"ERH",2.04657619104906e-38,0.268604600842115,0.625,0.433,4.84547378992775e-34
"RCL1",2.10423844127137e-38,-0.53158172354177,0.311,0.468,4.98199493355409e-34
"PITX1",2.54994713772562e-38,0.317562256924937,0.303,0.181,6.03725484327917e-34
"MCM3",3.34270958754412e-38,-0.288421604551531,0.11,0.26,7.91419921946947e-34
"RPP21",3.38978411482898e-38,0.320202374502337,0.4,0.282,8.0256528702691e-34
"RPS6KC1",3.87559044350042e-38,-0.250554954132138,0.061,0.195,9.1758479340316e-34
"CKAP2L",3.88605603295974e-38,0.281147516689878,0.417,0.288,9.20062626363549e-34
"MARK3",4.88669054738368e-38,-0.667923486131543,0.611,0.695,1.15697285399856e-33
"YBX1",5.73538199156068e-38,0.280116131931108,0.984,0.89,1.35790904032191e-33
"CAMKMT",6.63521701482954e-38,-0.678371900592321,0.268,0.423,1.57095398043104e-33
"CTSL",6.78544583739381e-38,0.260208914616704,0.63,0.478,1.60652215646136e-33
"PIBF1",6.9168530958243e-38,-0.309971889125523,0.111,0.262,1.63763413896736e-33
"NUCB2",8.10069136958022e-38,0.286995669444695,0.588,0.41,1.91791968866181e-33
"ST3GAL3",1.12264462223785e-37,-0.318385443696986,0.083,0.224,2.65797340761033e-33
"UBE4B",1.26235166043415e-37,-0.45364531951428,0.168,0.33,2.9887437912439e-33
"MTRNR2L8",1.64795724590728e-37,-0.54922623317794,0.559,0.653,3.90170357541008e-33
"RAD51B",2.1021962280173e-37,-0.354507310713113,0.078,0.215,4.97715978945376e-33
"UBC",2.3290191399205e-37,-0.416208287998689,0.856,0.847,5.51418571567577e-33
"SF3B3",3.04714051478352e-37,-0.268430226444249,0.093,0.239,7.21440988280145e-33
"SLC25A21",3.27588192313205e-37,-0.873946740920794,0.303,0.426,7.75597804120745e-33
"PRDX2",3.40385271716097e-37,0.278337857750159,0.987,0.89,8.0589616931503e-33
"S100A6",3.65921893897995e-37,-2.42216460747035,0.446,0.521,8.66356675992892e-33
"SERINC5",4.07835722546039e-37,-0.307719783818652,0.065,0.197,9.65591856700002e-33
"H2AFX",4.09399297416373e-37,0.30676345710224,0.505,0.37,9.69293776563006e-33
"HNRNPC",5.19458103351317e-37,-0.474501480571944,0.465,0.561,1.22986900549458e-32
"UBE2D2",5.41204053487633e-37,0.276938274781252,0.654,0.503,1.28135471703732e-32
"NCOA4",5.45620580059117e-37,-0.639092447203244,0.59,0.709,1.29181128534796e-32
"JARID2",6.00351446191224e-37,-0.567238462728019,0.255,0.402,1.42139208400234e-32
"GIHCG",7.48306597856218e-37,-0.308155346436625,0.109,0.252,1.77169070108438e-32
"ARPC5",8.92329290824682e-37,0.327704280549976,0.446,0.321,2.11267882895652e-32
"EXOC4",1.03729704666985e-36,-0.414609823887096,0.133,0.28,2.45590448769554e-32
"NOP58",1.18849887323861e-36,-0.295941002498718,0.107,0.25,2.81388993227973e-32
"GOT1",1.28932550422731e-36,0.29845071824379,0.335,0.219,3.05260706380859e-32
"DECR1",1.52218648607086e-36,-0.301552336409961,0.181,0.34,3.60392872442136e-32
"TMEM131L",1.88704351309494e-36,-0.823385787273879,0.481,0.601,4.46776422160359e-32
"BCLAF1",1.99940987243085e-36,-0.278273029043869,0.18,0.337,4.73380281396728e-32
"TTTY14",2.05349489995642e-36,-0.285062141785128,0.053,0.178,4.86185452513681e-32
"XACT",2.21671626565981e-36,-0.661996476404798,0.026,0.135,5.24829743057616e-32
"GSPT1",2.59178449601115e-36,-0.466927892855815,0.465,0.596,6.136308972756e-32
"GHITM",2.70010814180582e-36,0.332265446190808,0.787,0.67,6.39277603653947e-32
"SUMF1",2.70760849762334e-36,-0.255302255404173,0.061,0.191,6.41053387897302e-32
"LAPTM5",2.93091126729351e-36,-0.276655115548957,0.081,0.219,6.9392255164441e-32
"POLE3",3.11184915131802e-36,-0.283944730858028,0.151,0.3,7.36761405066054e-32
"MACO1",3.61547084974542e-36,-0.602101276499305,0.359,0.516,8.55998878385725e-32
"CPOX",4.16006765587104e-36,0.250649605823375,0.726,0.566,9.84937618204028e-32
"NDUFA6",5.29093246362411e-36,0.285905004885506,0.657,0.471,1.25268117008764e-31
"UBAC2",6.03956627509739e-36,-0.354283637963735,0.159,0.309,1.42992771129206e-31
"DANCR",6.2802013927892e-36,-0.265588517131682,0.057,0.181,1.48690048175677e-31
"RFX3-AS1",7.8674473978907e-36,-0.48148963669088,0.181,0.334,1.8626968459246e-31
"SIK3",8.91211189287769e-36,-0.611835023146788,0.278,0.432,2.11003161175772e-31
"HLA-C",9.74192229910426e-36,0.345447216359375,0.577,0.447,2.30649752353593e-31
"CAPRIN2",1.04568088459654e-35,-0.29830027894454,0.109,0.253,2.47575406237077e-31
"RTL8A",1.1437806662259e-35,0.273151953344604,0.222,0.123,2.70801510535643e-31
"MKRN1",1.16157559169088e-35,-0.721407708556402,0.476,0.603,2.75014637088732e-31
"SNTB1",1.39928978399916e-35,-0.349729524846344,0.108,0.249,3.31295849259642e-31
"KDM6A",1.74184024044325e-35,-0.521579946022702,0.231,0.39,4.12398095327343e-31
"PDZD8",1.89771881772415e-35,-0.37514289672434,0.208,0.364,4.4930390728437e-31
"ST3GAL2",2.68378062380659e-35,-0.400807663392238,0.175,0.329,6.35411900492448e-31
"LCLAT1",5.4050220476677e-35,-0.253354014014345,0.09,0.227,1.27969302000581e-30
"MARCH6",5.50906395135305e-35,-0.399802572116676,0.236,0.402,1.30432598112235e-30
"HINT2",7.92389139339574e-35,0.272513655058313,0.482,0.342,1.87606052630038e-30
"WDR70",9.61765405129564e-35,-0.281770905338483,0.092,0.23,2.27707577318476e-30
"PCMTD1",1.67406435509786e-34,-0.433522149083761,0.198,0.355,3.96351476712969e-30
"RAB10",2.00504423289938e-34,-0.472381934052021,0.459,0.599,4.74714272581256e-30
"CARHSP1",2.14946824754081e-34,0.306527727423957,0.603,0.461,5.08908102287761e-30
"DCAF8",2.48031032867564e-34,-0.446673823418734,0.217,0.372,5.87238273417245e-30
"HIST1H2AJ",2.50847959195271e-34,0.282841208564036,0.243,0.141,5.93907628190723e-30
"NT5C2",3.18986923218663e-34,-0.45286112525352,0.08,0.21,7.55233439412506e-30
"MED13L",3.5839529054236e-34,-0.710971447719613,0.379,0.515,8.48536689888092e-30
"NMNAT3",3.83535491935844e-34,-0.281853243971552,0.112,0.251,9.08058630707304e-30
"MAPK14",4.97320838558199e-34,-0.425967779603687,0.215,0.369,1.17745681737039e-29
"KPNA6",5.49683940194201e-34,-0.334075516085047,0.131,0.279,1.30143169680379e-29
"USP9X",6.59745344847362e-34,-0.449996313515984,0.274,0.436,1.56201307846061e-29
"ELL2",9.01779386335418e-34,-0.567781761725578,0.316,0.468,2.13505287508774e-29
"ANKRD17",1.09235856083619e-33,-0.397911298398341,0.21,0.362,2.58626812863575e-29
"RPL41",1.2906101631318e-33,-0.939566221767191,0.979,0.929,3.05564862223086e-29
"PSMD8",1.37163708492412e-33,0.256497814416907,0.691,0.522,3.24748796226635e-29
"MT-ND1",1.82324979250074e-33,-1.00457472155971,0.567,0.597,4.31672620872475e-29
"AP2S1",2.21612625911114e-33,0.267605611262435,0.819,0.646,5.24690053107154e-29
"GAB1",2.25892740497788e-33,-0.540226819523619,0.283,0.43,5.34823652402562e-29
"JAK2",2.57924474270831e-33,-0.385212841626381,0.167,0.313,6.10661985283621e-29
"ZMYND8",2.62501029871824e-33,-0.603915526710652,0.422,0.52,6.21497438324531e-29
"PSMG2",2.70585458924194e-33,0.30852763708939,0.505,0.39,6.40638132548922e-29
"CDKAL1",2.78326286098554e-33,-0.33885884531475,0.119,0.258,6.58965314966936e-29
"MARCH8",2.85886416941969e-33,-0.690546728916673,0.463,0.59,6.76864680751807e-29
"VPS13D",3.06541241353307e-33,-0.325643601883085,0.116,0.256,7.25767043028089e-29
"CRADD",4.49534402325979e-33,-0.286132154095657,0.08,0.207,1.06431765094699e-28
"CAB39",5.18768430939417e-33,-0.329365447588085,0.14,0.287,1.22823613709216e-28
"BLOC1S2",5.62785063651447e-33,0.313705664138756,0.428,0.313,1.33244991670116e-28
"SRRD",6.81056540576363e-33,-0.322409971691179,0.13,0.269,1.6124694654686e-28
"BMPR2",7.36638057053515e-33,-0.281080474480596,0.085,0.214,1.7440642638799e-28
"ZBTB20",9.9915382075737e-33,-0.447853914243038,0.164,0.305,2.36559658602515e-28
"IMPDH2",1.1264440093468e-32,-0.29075550476822,0.108,0.24,2.66696883652948e-28
"ANKRD12",1.32850297544876e-32,-0.530772540613935,0.447,0.553,3.14536364467249e-28
"RPL22L1",1.6352182984613e-32,-0.390366902888239,0.146,0.281,3.87154284343697e-28
"NMU",1.66755041355192e-32,-0.361640735565094,0.064,0.18,3.94809235912553e-28
"RPL23",1.96560953152966e-32,-1.28315987647805,0.613,0.593,4.65377712684963e-28
"ATG2B",2.17732122715666e-32,-0.342982202593686,0.08,0.207,5.15502573741612e-28
"TTC1",2.38807781834963e-32,-0.323321095953495,0.229,0.384,5.65401304272459e-28
"SPIDR",4.38939402150736e-32,-0.269884055004447,0.067,0.188,1.03923292853208e-27
"ATP5F1A",4.54278682113492e-32,-0.525241087931431,0.296,0.406,1.0755502077719e-27
"REXO2",4.92262251608211e-32,-0.389797599376842,0.514,0.624,1.1654801069076e-27
"ATAD2B",1.11848179158461e-31,-0.284056022101342,0.129,0.271,2.64811748975573e-27
"RAD51C",1.1869574181086e-31,0.301235021721096,0.37,0.266,2.81024038311393e-27
"FADS1",1.5513725202968e-31,-0.287283283152086,0.11,0.24,3.6730295790547e-27
"PDCD4",1.69097703756854e-31,-0.294308896674917,0.123,0.256,4.00355723414727e-27
"PSME4",1.69140316385625e-31,-0.465484991331723,0.209,0.361,4.00456613074607e-27
"SLC5A4-AS1",2.21552773082342e-31,-0.743670701252047,0.112,0.234,5.24548345549753e-27
"LMO2",2.56150601123556e-31,-0.460659475583337,0.264,0.388,6.0646216322013e-27
"ZDHHC14",2.60631188253678e-31,-0.41845350604033,0.152,0.286,6.17070401309409e-27
"CDKN2C",3.44901059592373e-31,0.324147664121981,0.43,0.317,8.16587748690902e-27
"SLC40A1",3.62382363778668e-31,-0.529859397605212,0.402,0.535,8.57976484482373e-27
"ADK",4.29715260709134e-31,-0.32881177167957,0.135,0.271,1.01739385125495e-26
"SLC48A1",4.42025866467937e-31,0.262148206824333,0.365,0.259,1.04654044144949e-26
"UBE2O",4.51510714409598e-31,-0.328536249612652,0.102,0.233,1.06899676743616e-26
"BSG",4.97160130782715e-31,-0.479611115133687,0.944,0.931,1.17707632564116e-26
"DNAJC6",5.6534993578083e-31,-0.487561038254516,0.254,0.398,1.33852250795469e-26
"GLRX5",7.05435131867096e-31,-0.368562908314475,0.972,0.938,1.67018821820854e-26
"TAOK3",8.56529622084049e-31,-0.472111535004714,0.271,0.417,2.0279195332462e-26
"UIMC1",9.71525657547596e-31,-0.515381347586683,0.304,0.453,2.30018414680969e-26
"RPIA",1.12138882967145e-30,-0.422989818352024,0.358,0.504,2.65500019313012e-26
"FRYL",1.14304227034e-30,-0.534527350813535,0.338,0.478,2.70626687925697e-26
"MT-ND2",1.20991131792553e-30,-0.748742361314365,0.377,0.484,2.86458603632047e-26
"PHB",1.65868164372648e-30,-0.29688491377236,0.109,0.235,3.92709465968681e-26
"PIM1",1.98205084950247e-30,-0.672841422941286,0.524,0.634,4.69270359128206e-26
"APC",2.31601885743946e-30,-0.276061322550519,0.131,0.268,5.48340624687366e-26
"TFRC",2.39753989986025e-30,-0.596581607557974,0.851,0.756,5.67641546690913e-26
"PLEK2",2.47119816383064e-30,0.256224792941875,0.344,0.228,5.85080877268543e-26
"AKAP8L",2.527015946768e-30,-0.457889224248812,0.327,0.479,5.98296295556791e-26
"UBE2K",2.89039811107148e-30,-0.421327435260325,0.392,0.53,6.84330656777284e-26
"DCK",3.63050689632648e-30,0.282293806970195,0.464,0.353,8.59558812774258e-26
"MAZ",4.46588821335678e-30,0.338606971695288,0.407,0.307,1.05734369339435e-25
"ARL15",4.98400516988815e-30,-0.425038704633116,0.149,0.282,1.18001306402272e-25
"GSE1",5.09417972526401e-30,-0.330250258222518,0.152,0.296,1.20609799175351e-25
"CSDE1",6.54517748337137e-30,-0.360443237244666,0.47,0.586,1.549636220963e-25
"VPS13B",6.934721001696e-30,-0.75639053012776,0.451,0.565,1.64186454436154e-25
"ZNF207",9.61410847695482e-30,-0.335678452853584,0.221,0.37,2.27623632300382e-25
"HIST2H2AC",1.16277765722167e-29,0.258866842238632,0.517,0.369,2.75299238123804e-25
"BRD7",1.86925281237524e-29,0.284650759312879,0.557,0.432,4.42564295857961e-25
"NIPBL",2.16677215499968e-29,-0.474055082896361,0.383,0.503,5.13004975417723e-25
"LINC00278",2.46130190409435e-29,-0.439196138570585,0.154,0.286,5.82737838813378e-25
"CDC27",2.57226785150432e-29,-0.501979649227646,0.606,0.669,6.09010136522163e-25
"BAZ2B",2.58328902354928e-29,-0.25890965604466,0.075,0.192,6.11619509215527e-25
"CNIH4",2.73126238048806e-29,0.250315959369163,0.336,0.231,6.46653681204353e-25
"PVT1",2.81293216538877e-29,-0.358642349490968,0.104,0.231,6.65989819477445e-25
"NAPRT",2.89766549386423e-29,0.269596810000169,0.393,0.291,6.86051282327295e-25
"TNRC6A",3.53044835545889e-29,-0.327402596932135,0.196,0.343,8.35868952638446e-25
"PPP2R2A",3.95462447299757e-29,-0.356545302855158,0.127,0.257,9.36296890226904e-25
"UGGT1",4.41456929378383e-29,-0.295538507193125,0.169,0.31,1.04519342599626e-24
"COX17",7.79781624944102e-29,0.287160862555088,0.512,0.403,1.84621097521765e-24
"ZMYM2",8.51556993356875e-29,-0.265582923457692,0.107,0.233,2.01614633747174e-24
"NPM1",9.9978299710333e-29,-1.10120649543747,0.345,0.424,2.36708622394184e-24
"LSS",1.0218253779314e-28,-0.311230689572007,0.06,0.167,2.41927376479038e-24
"C1orf35",1.16934993008801e-28,0.293317368039576,0.343,0.248,2.76855289447638e-24
"ADD2",1.34434872909617e-28,-0.31544411101957,0.227,0.362,3.1828800510081e-24
"AP000919.2",1.41332236513801e-28,-0.304063097899705,0.03,0.121,3.34618203170075e-24
"STAM",2.20485340730248e-28,-0.506404253915034,0.394,0.531,5.22021092712936e-24
"ST6GALNAC4",2.34971339939983e-28,0.257409228870071,0.58,0.466,5.56318144441903e-24
"IGF1R",2.57702929824771e-28,-0.534695955394773,0.249,0.382,6.10137456653128e-24
"TENT5C",2.89776126812567e-28,-0.490656602458686,0.33,0.458,6.86073957841433e-24
"BCAS3",2.98375948429008e-28,-0.481699717206355,0.139,0.265,7.06434895500518e-24
"FOXP1",3.03156450639098e-28,-0.566817952838624,0.485,0.581,7.17753212533129e-24
"EPS15",3.49804614291867e-28,-0.304427118079237,0.191,0.328,8.28197404797425e-24
"RAD51AP1",3.66443495575434e-28,0.271439053589669,0.419,0.31,8.67591620124398e-24
"PPA1",3.75742750512675e-28,-0.255140631658225,0.113,0.235,8.8960853611381e-24
"SYNCRIP",3.79847933201356e-28,-0.26522860362449,0.143,0.274,8.9932796664753e-24
"NBAS",4.36565929857037e-28,-0.528193690737459,0.297,0.422,1.03361349552952e-23
"ZNF451",5.07741445691677e-28,-0.498696141761593,0.388,0.519,1.20212864681961e-23
"SNHG5",5.27633587559999e-28,-0.301144057221056,0.106,0.223,1.24922528190705e-23
"TTC17",5.39192423952254e-28,-0.346163571175189,0.16,0.293,1.27659198294936e-23
"IRF3",6.1008329404191e-28,-0.295832942710493,0.086,0.2,1.44443320697363e-23
"PUM1",7.06009685319148e-28,-0.308084338440268,0.165,0.304,1.67154853096161e-23
"KDM2A",7.70840515480316e-28,-0.346173516126299,0.176,0.313,1.8250420044512e-23
"KDM5A",8.99985595390257e-28,-0.284536571960854,0.175,0.316,2.13080589564597e-23
"MOB1B",1.2025384736529e-27,-0.584221644197676,0.485,0.595,2.84713009022061e-23
"PPIP5K2",1.23877879914866e-27,-0.306766248390193,0.204,0.342,2.93293268486436e-23
"TRIP12",1.35345163472476e-27,-0.319825310477168,0.217,0.356,3.20443209037435e-23
"RIF1",1.41739245080135e-27,-0.362181536497412,0.198,0.323,3.35581836651727e-23
"GLUL",1.47146823006879e-27,-0.416648949618456,0.579,0.681,3.48384818151087e-23
"SH3BGRL",1.59442885904959e-27,-0.376503842550883,0.446,0.56,3.7749697666858e-23
"TAFA2",1.85830360653056e-27,-0.355056151903737,0.123,0.244,4.39971961882177e-23
"IMMP2L",2.2440639586657e-27,-0.287664528407429,0.065,0.171,5.31304582853692e-23
"RNF19A",2.73756549204115e-27,-0.653960608712013,0.425,0.538,6.48146005895663e-23
"EIF1AY",2.75375573165423e-27,-0.476472117842686,0.724,0.763,6.51979207026456e-23
"BTF3",3.3340157875779e-27,-0.344194559495761,0.901,0.84,7.89361577866944e-23
"UBR5",5.98316170310232e-27,-0.300165247705246,0.159,0.293,1.41657336482651e-22
"SESN3",6.29534455550721e-27,-0.719102715567732,0.324,0.424,1.49048577696189e-22
"OGA",6.6615813159518e-27,-0.300622505286754,0.188,0.33,1.57719599236475e-22
"TBC1D22A",8.43892469438089e-27,-0.256304948596427,0.131,0.261,1.99799981064162e-22
"BBX",1.11170526543189e-26,-0.298412307392538,0.177,0.312,2.63207338643655e-22
"GLYR1",1.17663573351932e-26,-0.263052887332771,0.17,0.308,2.78580276268034e-22
"SOS1",1.2651257548653e-26,-0.329379341908465,0.148,0.275,2.99531173721909e-22
"FDXR",1.35668434371332e-26,0.337511023975823,0.327,0.226,3.21208585217565e-22
"BIRC6",1.54365618718222e-26,-0.27946107538161,0.169,0.303,3.65476038877263e-22
"DHRS13",1.77654657072491e-26,0.256921811122708,0.372,0.274,4.20615166084829e-22
"RDX",1.85000772898142e-26,0.271880419408241,0.443,0.342,4.3800782991364e-22
"SRGN",2.12917692314482e-26,-0.351238369992336,0.055,0.156,5.04103928323768e-22
"MAD2L2",2.23690774348021e-26,0.280752674080747,0.295,0.209,5.29610277346375e-22
"ETFA",3.48067358652668e-26,-0.358635444062884,0.333,0.445,8.24084278346057e-22
"XRN1",3.50264398935852e-26,-0.419229346314344,0.294,0.435,8.29285990920524e-22
"PICALM",4.61467998925628e-26,-0.66100992255607,0.509,0.564,1.09257163425632e-21
"INPP5D",4.98097095425688e-26,-0.307006277338162,0.152,0.278,1.17929468312986e-21
"CUL3",8.70933323972607e-26,-0.311601028846243,0.206,0.344,2.06202173783754e-21
"USP24",8.72216715543038e-26,-0.435837378250805,0.264,0.389,2.0650602957197e-21
"TENT2",1.18975949661738e-25,-0.26650334437167,0.152,0.281,2.81687458419131e-21
"PIK3CA",1.26719910045441e-25,-0.302731489181267,0.096,0.207,3.00022059023587e-21
"KANSL1",1.385671294308e-25,-0.391267170215492,0.212,0.345,3.28071535640362e-21
"ITFG1",1.57670217564059e-25,-0.378817736785367,0.238,0.365,3.73300007104667e-21
"GDE1",1.70214637858841e-25,-0.347703404103754,0.25,0.383,4.03000176594592e-21
"ARIH1",1.75332188937768e-25,-0.310835293429708,0.183,0.317,4.15116490529059e-21
"USP34",1.92748198577023e-25,-0.350269118515445,0.233,0.366,4.56350634950959e-21
"MDH2",1.96338487394837e-25,-0.266175592829949,0.175,0.301,4.64851002756016e-21
"DLG1",2.4896830279162e-25,-0.395801511843648,0.242,0.373,5.8945735368944e-21
"RREB1",2.65380092401284e-25,-0.258622950005322,0.107,0.224,6.2831390676928e-21
"MAP2K2",3.41351546504925e-25,-0.589723645139516,0.494,0.539,8.0818392150506e-21
"KIAA0232",3.56735128944299e-25,-0.557250068678876,0.393,0.517,8.44606091288522e-21
"MLXIP",3.9499549199179e-25,-0.362009638485684,0.241,0.379,9.35191326839763e-21
"ASXL1",4.15747480882594e-25,0.252165595418539,0.471,0.374,9.84323735737628e-21
"PCNP",4.33879118781556e-25,0.250181092004338,0.513,0.415,1.02725220162721e-20
"WRN",5.26354628546381e-25,-0.486924365555755,0.33,0.45,1.24619721854641e-20
"RNF5",5.53369041588457e-25,0.267855054483083,0.493,0.385,1.31015654286483e-20
"NASP",5.82969448957267e-25,-0.673911916406984,0.304,0.381,1.38023846735123e-20
"ZNF638",5.84647447669129e-25,-0.354243694539722,0.256,0.387,1.38421129710143e-20
"ARID4B",7.17849007699385e-25,-0.365198451777167,0.272,0.409,1.69957931062906e-20
"TMEM242",7.29184546058398e-25,-0.253900138525647,0.108,0.223,1.72641733124786e-20
"MED13",9.56341628456941e-25,-0.385797745665781,0.265,0.401,2.26423443953465e-20
"SGMS1",9.89130706083859e-25,-0.720188948063682,0.473,0.56,2.34186585972414e-20
"MKLN1",1.14160085579193e-24,-0.412395418170654,0.261,0.393,2.70285418617298e-20
"CREG1",1.2532691478012e-24,-0.439512940632816,0.313,0.448,2.96724003433412e-20
"GALNT10",1.26564526598081e-24,-0.283067404121294,0.159,0.283,2.99654173173616e-20
"MYL4",1.7453460966002e-24,-0.415890739087596,0.592,0.65,4.13228141831063e-20
"CANX",1.88538045917388e-24,-0.254221241082691,0.156,0.277,4.46382677514009e-20
"HELZ",1.92228675557293e-24,-0.339657104117307,0.181,0.31,4.55120612249446e-20
"ITSN1",3.31152602796401e-24,-0.386187673226004,0.177,0.296,7.84036902380759e-20
"HBS1L",4.37851063950668e-24,-0.252307392932647,0.209,0.335,1.0366561790096e-19
"ZNF326",4.65234048914919e-24,-0.278297318681356,0.264,0.4,1.10148813421096e-19
"OSBPL6",4.95783928173382e-24,-0.332568230144485,0.074,0.174,1.1738180283433e-19
"EMC9",5.08036880904038e-24,0.261244298094767,0.337,0.249,1.2028281192284e-19
"RABGAP1L",5.6697482967461e-24,-0.70817154978089,0.578,0.619,1.34236960673761e-19
"ANK1",9.57691763101475e-24,-0.627182927390555,0.89,0.812,2.26743101831905e-19
"TM9SF3",9.8401080128327e-24,-0.373393089716404,0.356,0.479,2.32974397311827e-19
"STK17A",1.25376705399427e-23,0.403223833683535,0.675,0.6,2.96841887703683e-19
"GNA12",1.40046641946269e-23,-0.253435679789723,0.138,0.259,3.31574429471986e-19
"CHD9",1.7546337441106e-23,-0.30371723379543,0.226,0.354,4.15427085255625e-19
"TMEM245",1.88391286201316e-23,-0.285090090523781,0.175,0.298,4.46035209210236e-19
"ABCC4",1.92715920340188e-23,-0.831239208042117,0.412,0.512,4.56274212997429e-19
"ZCRB1",1.92806931287142e-23,0.25959297547271,0.442,0.351,4.56489690515438e-19
"PNN",2.14593567813415e-23,-0.2703498245342,0.161,0.275,5.08071731155041e-19
"MRPS24",2.91389200323804e-23,-0.287893484658091,0.154,0.266,6.89893070686639e-19
"MTMR3",3.00200015000772e-23,-0.438283155214141,0.194,0.314,7.10753555515829e-19
"AC073529.1",3.18340327015921e-23,-0.314493852166656,0.082,0.182,7.53702558242895e-19
"MED25",3.18798477108662e-23,-0.288508393644271,0.192,0.322,7.54787274402467e-19
"VTI1A",3.29300150525157e-23,-0.295787722442528,0.176,0.296,7.79651036383362e-19
"ZFAND5",3.78875788074396e-23,-0.645932049952718,0.299,0.412,8.97026315844941e-19
"SH3BGRL3",4.3986218702535e-23,-0.85204357931876,0.638,0.693,1.04141771400122e-18
"GMPR",4.55916672138978e-23,-0.390730194124408,0.703,0.753,1.07942831295625e-18
"ASH1L",4.82078384141098e-23,-0.402216555255474,0.288,0.41,1.14136878229246e-18
"SPPL3",5.73547239344888e-23,-0.289135385086281,0.175,0.298,1.35793044387296e-18
"UTY",5.8790736463998e-23,-0.395028641621111,0.26,0.384,1.39192947652162e-18
"CLASP1",6.0803414152507e-23,-0.339125032668815,0.175,0.298,1.43958163347475e-18
"SNX13",6.53614038872134e-23,-0.257196318928952,0.139,0.259,1.54749659843367e-18
"TUFM",7.51007122509137e-23,-0.303155142902071,0.188,0.3,1.77808446325263e-18
"MSI2",9.54448493594886e-23,-0.384783408740372,0.157,0.275,2.25975225343525e-18
"SETD2",1.01644604160638e-22,-0.334052931730559,0.231,0.358,2.40653764810727e-18
"KMT2A",1.31259488298641e-22,-0.289515884723158,0.227,0.355,3.10769964495863e-18
"STK17B",1.52607344282943e-22,-0.38249858754504,0.188,0.303,3.61313148324295e-18
"ARMC8",1.72158979244309e-22,-0.286270936475652,0.248,0.375,4.07603599258827e-18
"WWOX",1.95902518937099e-22,-0.304795782293078,0.086,0.185,4.63818803835476e-18
"ELOVL6",2.06777040381865e-22,-0.354188290004103,0.167,0.282,4.89565320808104e-18
"RAB11A",2.35943329267942e-22,-0.345857037448101,0.376,0.504,5.58619426374779e-18
"NCOA2",2.70077896807895e-22,-0.437091895982223,0.257,0.377,6.39436428482371e-18
"PTPN4",3.26956732098076e-22,-0.33012466138838,0.185,0.304,7.74102758915406e-18
"COX7C",7.25949861179527e-22,-0.541714927323498,0.765,0.691,1.71875889132865e-17
"VPS26A",7.564131043776e-22,-0.315414680357025,0.256,0.384,1.79088366592441e-17
"RIOK3",7.75477302852073e-22,-0.488963549372127,0.62,0.723,1.83602006223257e-17
"NDFIP1",8.21315711246816e-22,-0.27846969485463,0.478,0.561,1.94454707794796e-17
"RFX3",9.1726100401302e-22,-0.375475315871741,0.142,0.252,2.17170715310123e-17
"RAPGEF6",1.00676300834368e-21,-0.305811404899937,0.17,0.285,2.38361209855449e-17
"ERBIN",1.32812091570571e-21,-0.310564440408231,0.2,0.319,3.14445908002484e-17
"AFF1",1.33052992014937e-21,-0.590293275529157,0.454,0.548,3.15016263894564e-17
"XPR1",1.35287861058361e-21,-0.278856512122079,0.106,0.211,3.20307539841775e-17
"SF3B1",1.36440419921173e-21,-0.286597796013802,0.278,0.408,3.23036338205369e-17
"MTRNR2L10",1.57419415364895e-21,-0.25190557145341,0.211,0.334,3.72706207817927e-17
"TLN2",1.85025166389595e-21,-0.256785508032905,0.105,0.21,4.38065583944006e-17
"EP300",2.0453619838247e-21,-0.615128233467475,0.373,0.488,4.84259903290335e-17
"SNX29",2.20943660833717e-21,-0.355212259909058,0.134,0.239,5.23106211389908e-17
"GAPVD1",2.26412978794745e-21,-0.439392286233219,0.325,0.453,5.36055368594439e-17
"RPL35A",2.40913265553222e-21,-0.573361497505074,0.969,0.892,5.70386247523809e-17
"NFAT5",2.56230589369583e-21,-0.368126699969774,0.197,0.315,6.06651543391425e-17
"MOSPD1",3.09501373217326e-21,-0.360982150201465,0.336,0.457,7.32775451229341e-17
"TUBB2A",5.37734703495041e-21,0.269808080065076,0.385,0.285,1.27314068399486e-16
"RPL7",6.42773205560202e-21,-0.75603921477417,0.837,0.729,1.52182984148433e-16
"EIF4B",8.89911871379084e-21,-0.30809490382375,0.306,0.403,2.10695534667712e-16
"ZNF644",8.99745385365976e-21,-0.285195211435962,0.186,0.305,2.13023717439249e-16
"CDKN1A",9.60096867473593e-21,0.381389755615115,0.198,0.119,2.27312534343048e-16
"RSRC1",1.01150275032598e-20,-0.385615845490485,0.362,0.47,2.39483391167179e-16
"GIGYF2",1.10609593632882e-20,-0.273634403556638,0.215,0.338,2.61879273885212e-16
"RBM33",1.15429651662193e-20,-0.273519146955696,0.209,0.329,2.73291243275408e-16
"GTF2B",1.71008642645249e-20,-0.339008525004283,0.272,0.397,4.04880062326892e-16
"STRBP",1.73865076593896e-20,-0.289472255855479,0.205,0.321,4.11642955343707e-16
"SSBP3",2.01032326711859e-20,-0.458852676400361,0.484,0.553,4.75964136722997e-16
"AKAP9",2.12352290015817e-20,-0.389310622509821,0.385,0.503,5.02765281841448e-16
"MIR924HG",2.40683889089992e-20,-0.636075532504986,0.199,0.295,5.69843175809466e-16
"ATRX",2.69175968451009e-20,-0.294973221103733,0.286,0.404,6.37301022904609e-16
"C9orf16",2.72494515702852e-20,-0.296050184156781,0.269,0.378,6.45158015378073e-16
"HECTD1",4.90289918764977e-20,-0.329794966384693,0.266,0.384,1.16081041166796e-15
"ATP6V1C1",5.79074724977187e-20,-0.301386662654832,0.186,0.303,1.37101731885599e-15
"MCM4",7.83053674050898e-20,-0.252375512252766,0.185,0.293,1.85395787868291e-15
"LAMTOR1",8.42953811540169e-20,-0.294915703087002,0.281,0.393,1.9957774442025e-15
"GCNT2",9.42079435643917e-20,-0.365858389033685,0.172,0.279,2.23046727183054e-15
"RPL31",9.5732154428361e-20,-0.560457068834257,0.708,0.642,2.26655448824587e-15
"DENND1A",1.39006518633088e-19,-0.427737296106888,0.267,0.374,3.29111833515698e-15
"KDM4C",1.45631037856374e-19,-0.543412102004069,0.422,0.506,3.4479604522875e-15
"COPB2",1.56841664153634e-19,-0.257558667148579,0.33,0.458,3.71338324050144e-15
"POLA1",1.90768988212816e-19,-0.290300542732948,0.142,0.247,4.51664656492664e-15
"GPCPD1",2.90830309564472e-19,-0.783139010853007,0.547,0.609,6.88569840924845e-15
"ASAP1",3.02189271491428e-19,-0.530372196858183,0.586,0.599,7.15463319183105e-15
"NOP53",3.49007488474426e-19,-0.317895677873075,0.279,0.372,8.2631012971205e-15
"PKMYT1",3.85574226124884e-19,0.253955548071356,0.267,0.196,9.12885537773275e-15
"CCNDBP1",5.41174821550219e-19,-0.494372412132578,0.68,0.742,1.2812855075023e-14
"CDC73",8.37653577936253e-19,-0.332680272975175,0.282,0.397,1.98322861112187e-14
"CD36",8.79326139039733e-19,-0.636780676423932,0.703,0.632,2.08189256679047e-14
"PPM1L",1.01461935284665e-18,-0.339270135974101,0.071,0.154,2.40221277979973e-14
"RPS10",1.03492095694164e-18,-0.269452099500794,0.266,0.369,2.45027885765503e-14
"EIF3A",1.22121476594257e-18,-0.507298884143369,0.422,0.465,2.89134807984562e-14
"TANK",1.36752279218914e-18,-0.392055069567838,0.289,0.401,3.23774696278701e-14
"PAN3",1.4606811942074e-18,-0.454988776700188,0.309,0.417,3.45830879540543e-14
"RAB3IP",1.76270649555577e-18,-0.301361390196112,0.159,0.261,4.17338389887783e-14
"KMT2C",1.93204411461034e-18,-0.409611644480465,0.36,0.458,4.57430764575144e-14
"SEC62",1.99177163669034e-18,-0.533249156743049,0.903,0.895,4.71571852702805e-14
"ZCCHC7",2.04999957527789e-18,-0.288569663281966,0.202,0.313,4.85357899442792e-14
"PPME1",2.3951687181837e-18,-0.427261197182657,0.42,0.522,5.67080145717174e-14
"PKN2",2.80339589489469e-18,-0.305193518522648,0.302,0.416,6.63732012075266e-14
"SDE2",3.00156687013089e-18,-0.317150313363469,0.186,0.289,7.10650972172189e-14
"DYRK1A",5.5783695765579e-18,-0.406525891598718,0.303,0.41,1.32073478094585e-13
"MTRNR2L1",5.7992222873531e-18,-0.538742781854842,0.4,0.484,1.37302386875372e-13
"SELENOH",7.63081935675487e-18,-0.368908337459478,0.257,0.342,1.80667279090528e-13
"FAM117A",8.24958747833033e-18,-0.553214751709347,0.632,0.655,1.95317233136949e-13
"RBM3",8.42021654194603e-18,-0.367003546168536,0.295,0.377,1.99357046847114e-13
"MORC3",8.85997572217291e-18,-0.348677313069971,0.365,0.475,2.09768785198166e-13
"HK1",1.09880734685796e-17,-0.331612082481937,0.412,0.497,2.6015362744209e-13
"IFI27",1.16619986622864e-17,-0.394157242699756,0.177,0.279,2.76109480328293e-13
"AMMECR1",1.18325087873185e-17,-0.475412732420188,0.452,0.516,2.80146478048552e-13
"CLTC",1.37969014088888e-17,-0.329868931178994,0.469,0.528,3.2665543775685e-13
"FOXO3",1.47759587861777e-17,-0.629445650982917,0.706,0.762,3.49835600221542e-13
"HSPD1",1.54776540685777e-17,-0.565596528012235,0.361,0.413,3.66448937727645e-13
"LCOR",1.90214194824099e-17,-0.321667875859991,0.267,0.376,4.50351127665536e-13
"CSNK1A1",2.29132732423777e-17,-0.287417532226393,0.449,0.531,5.42494657286535e-13
"ELF1",2.57151919285079e-17,-0.286530667650039,0.255,0.367,6.08832884099353e-13
"TET3",2.64056613309599e-17,-0.330772522975305,0.248,0.355,6.25180437671806e-13
"HPS1",2.87463469119513e-17,-0.305353479375454,0.452,0.548,6.8059850948736e-13
"CNNM2",3.60491937275006e-17,-0.269615353852348,0.186,0.293,8.53500710692304e-13
"MYH10",3.70685532607026e-17,-0.288806266936493,0.234,0.335,8.77635067000395e-13
"PTK2B",3.99659539308216e-17,-0.41170160368461,0.21,0.31,9.46233925266131e-13
"LTBP1",4.16720378488616e-17,-0.468064784094852,0.263,0.359,9.86627168109647e-13
"MPP1",4.32768716397127e-17,-0.296116252818903,0.73,0.769,1.02462321294184e-12
"RYBP",5.00459550410333e-17,-0.378757381108531,0.312,0.419,1.1848880315515e-12
"NCL",6.92593934209453e-17,-0.54103155911989,0.391,0.446,1.6397853986343e-12
"N4BP2L2",8.61816250120506e-17,-0.326302812981251,0.323,0.434,2.04043615378531e-12
"RPS25",1.82060312264616e-16,-0.605117900800875,0.921,0.827,4.31045995317705e-12
"BACH1",2.17663065169568e-16,-0.333082758388182,0.201,0.3,5.15339073095468e-12
"LARP1",2.4501668569794e-16,-0.377773445283178,0.369,0.466,5.80101505058442e-12
"CITED2",2.76576509970482e-16,-0.329995456399489,0.292,0.396,6.54822545006112e-12
"MEGF9",2.96382173749161e-16,-0.282846236337937,0.077,0.154,7.01714434568514e-12
"ARRDC2",3.22039703064774e-16,-0.380801120193192,0.171,0.259,7.6246120097616e-12
"SFPQ",3.28406267103171e-16,-0.344921230655668,0.377,0.443,7.77534677993467e-12
"ATP5F1B",3.57321345077535e-16,-0.379107788846644,0.514,0.547,8.45994016605571e-12
"MRPL20",3.727187004245e-16,-0.258977143569636,0.314,0.403,8.82448795125045e-12
"FBXO30",4.11847906499396e-16,-0.31759946552469,0.123,0.206,9.7509110342797e-12
"GPBP1L1",4.3757702601698e-16,-0.264211694333487,0.202,0.309,1.0360073667978e-11
"USP32",5.04361357579613e-16,-0.488781978322163,0.493,0.56,1.19412595020549e-11
"FAM214A",5.22597589294488e-16,-0.284468835887059,0.097,0.178,1.23730205241363e-11
"SNRPE",5.65459698415328e-16,-0.394569577813425,0.263,0.341,1.33878238196813e-11
"POLR1D",8.59146903387336e-16,-0.27304694798833,0.42,0.528,2.03411620845986e-11
"CLIC2",2.67533953912017e-15,-0.405965318806238,0.267,0.355,6.33413389282091e-11
"USP7",3.08960704933503e-15,-0.287757273299993,0.209,0.315,7.31495365000562e-11
"RPS24",3.53940739234508e-15,-0.753937729553785,0.943,0.837,8.37990094211621e-11
"DCUN1D1",3.56253044104914e-15,-0.372237637250369,0.517,0.602,8.43464707222795e-11
"MAP2K3",4.20465594678073e-15,-0.412067642024487,0.531,0.616,9.95494341959806e-11
"FRMD4A",5.57601321431906e-15,-0.302777001257077,0.198,0.291,1.32017688862218e-10
"GCLC",6.26593857920588e-15,-0.531958712125892,0.56,0.636,1.48352361801278e-10
"AP2B1",7.89890604773539e-15,-0.285712402552827,0.356,0.44,1.87014499586183e-10
"FLACC1",8.14545530580249e-15,-0.28808766958061,0.077,0.148,1.9285179982018e-10
"R3HDM4",1.32089169845187e-14,-0.40071952106214,0.247,0.329,3.12734318525466e-10
"RNH1",1.39995570542638e-14,-0.258985804429999,0.21,0.298,3.31453512816749e-10
"COX5A",1.41451956102539e-14,-0.463560026214128,0.304,0.364,3.34901651268372e-10
"PHF21A",1.52314377358614e-14,-0.268597597487052,0.15,0.239,3.60619519834255e-10
"HBP1",1.54339772697029e-14,-0.254082154664683,0.208,0.302,3.65414845837485e-10
"MARF1",1.57570381520514e-14,-0.262674102150679,0.16,0.25,3.7306363528797e-10
"RPS4Y1",1.71825214767052e-14,-0.504469120771338,0.456,0.48,4.06813378482473e-10
"TLN1",1.80447808608241e-14,-0.314495736035868,0.395,0.458,4.27228231660871e-10
"FBXO7",1.81501369948634e-14,-0.287203401929695,0.821,0.842,4.29722643490385e-10
"CSNK1G1",2.1255152511767e-14,-0.334658444286225,0.193,0.288,5.03236990868596e-10
"RPS2",2.62667716267714e-14,-1.39017740955492,0.934,0.826,6.21892085035439e-10
"SLC30A1",3.81121718299533e-14,-0.266447986002016,0.155,0.242,9.02343780245974e-10
"PBX1",4.03688196611774e-14,-0.351029985717696,0.06,0.123,9.55772174298035e-10
"KAT2B",4.59933995537049e-14,-0.452532658539979,0.354,0.436,1.08893972783352e-09
"PRG2",6.37488056739302e-14,-0.432706500839904,0.109,0.187,1.50931672313597e-09
"SUCO",7.38953537247613e-14,-0.405200009467991,0.341,0.429,1.74954639478745e-09
"WNK1",9.56791673022133e-14,-0.53346721803706,0.83,0.823,2.2652999650472e-09
"PPIA",1.16331424147394e-13,-0.283125802514842,0.741,0.492,2.75426279811371e-09
"IQGAP2",1.58105537823547e-13,-0.326231644137384,0.263,0.349,3.74330671351029e-09
"RSRP1",1.89146106856393e-13,-0.335694742371521,0.456,0.55,4.47822322593196e-09
"TRIM33",2.07805684973112e-13,-0.294040190161183,0.298,0.393,4.92000739742341e-09
"ARID1B",2.07847700566068e-13,-0.414412610426434,0.344,0.418,4.92100215860223e-09
"UBB",2.09207712172165e-13,-0.713570429293622,0.985,0.954,4.95320179338819e-09
"GOLGA4",2.52732163755333e-13,-0.371876012006975,0.528,0.574,5.98368670907127e-09
"RPS18",2.63773342463997e-13,-1.45576818789278,0.921,0.797,6.24509765617758e-09
"AC092490.1",2.6540687618798e-13,-0.568177347368137,0.306,0.389,6.28377320062661e-09
"LINC01572",2.96032706979613e-13,-0.305829278079034,0.196,0.281,7.00887037044932e-09
"IFIT3",5.42506304506582e-13,-0.279303407281715,0.077,0.142,1.28443792654978e-08
"CPLANE1",5.84675958117953e-13,-0.268324183546016,0.114,0.187,1.38427879844006e-08
"PCNT",5.87569987515169e-13,-0.263525289321466,0.189,0.283,1.39113070244091e-08
"CUX1",5.92713284042467e-13,-0.422361304212181,0.374,0.442,1.40330797129894e-08
"KLHDC8B",6.09920178603039e-13,-0.286748333903375,0.269,0.36,1.44404701486056e-08
"ADD1",8.69119027181478e-13,-0.254081862057476,0.288,0.382,2.05772620875487e-08
"FBXO11",1.50732012628139e-12,-0.270889575644997,0.229,0.321,3.56873113098382e-08
"BPTF",1.6122369321875e-12,-0.332752589825195,0.466,0.523,3.81713216064712e-08
"OSBPL8",1.81480234211719e-12,-0.275728855322699,0.296,0.372,4.29672602519665e-08
"CDK19",2.00744218103614e-12,-0.258615674409463,0.183,0.269,4.75282010782117e-08
"ATP5MC2",2.72085838813025e-12,-0.405147526853522,0.294,0.35,6.44190431973719e-08
"XRCC5",2.72271289795411e-12,-0.346957259673744,0.502,0.504,6.44629505719615e-08
"NEK7",2.76183722952587e-12,-0.260781782981278,0.228,0.32,6.53892582462545e-08
"EIF4A1",2.8607121259833e-12,-0.560763403344844,0.508,0.502,6.77302202947806e-08
"CTSD",2.91756088081336e-12,-0.258328630533483,0.24,0.33,6.9076171414137e-08
"ZFAND6",3.12371146119e-12,-0.304390586959346,0.328,0.422,7.39569925551345e-08
"RGS6",3.13958547628124e-12,-0.933032001941147,0.562,0.555,7.43328257364346e-08
"RESF1",3.24054610869342e-12,-0.26624507140873,0.246,0.336,7.67231696694254e-08
"SRSF11",4.09931350893666e-12,-0.275786666286602,0.475,0.518,9.70553466375844e-08
"MIR22HG",4.15342176616707e-12,-0.265665692346718,0.085,0.144,9.83364137357715e-08
"NDUFS5",4.21967910215523e-12,-0.500400850209908,0.435,0.453,9.99051224226272e-08
"TCF12",4.93671034795339e-12,-0.358895997569095,0.278,0.357,1.16881554198144e-07
"CREBRF",5.69687994324757e-12,-0.298445108151836,0.161,0.235,1.34879329536329e-07
"HBG1",6.30902765828363e-12,-1.4649998801027,0.25,0.324,1.49372538837523e-07
"TBC1D5",6.58149782305578e-12,-0.460047953710808,0.302,0.365,1.55823542458669e-07
"SIAH2",7.94720394052603e-12,-0.330417354140429,0.37,0.459,1.88158000495894e-07
"CDC42BPA",1.48152514407763e-11,-0.313252745769221,0.265,0.339,3.50765893111819e-07
"NCOA1",1.90273781066341e-11,-0.259319917885207,0.25,0.333,4.50492204052669e-07
"MICAL2",4.35822993595282e-11,-0.480716641752887,0.369,0.443,1.03185451963619e-06
"YPEL4",4.35977844667713e-11,-0.380339997874407,0.446,0.511,1.03222114503528e-06
"RPL27A",4.48965288867832e-11,-0.675977610320863,0.901,0.772,1.06297021792348e-06
"TBL1XR1",4.8197945660367e-11,-0.335389250408788,0.308,0.394,1.14113456145485e-06
"GABARAPL1",4.91368857414263e-11,-0.371736865756797,0.15,0.208,1.16336490681401e-06
"BAG1",4.98266101847533e-11,-0.57378526179711,0.609,0.677,1.17969482273422e-06
"EEF2",5.0866824887225e-11,-0.412929698557025,0.61,0.573,1.20432294602994e-06
"CIR1",5.52393289628487e-11,-0.274045475061043,0.436,0.522,1.30784635252441e-06
"PITHD1",6.67133880375054e-11,-0.492259921565801,0.587,0.642,1.57950617517598e-06
"PDCD10",7.21347925345657e-11,-0.264682645827466,0.493,0.569,1.70786334804838e-06
"XRCC6",7.34383517987749e-11,-0.288348288449428,0.325,0.38,1.73872641718779e-06
"RBM39",8.22283728028172e-11,-0.253789208402795,0.583,0.603,1.9468389544795e-06
"KLC3",9.92288115434803e-11,-0.331755712209097,0.113,0.169,2.34934134210344e-06
"ZDHHC17",1.35530825632922e-10,-0.254911535082988,0.171,0.245,3.20882782768506e-06
"FECH",1.48665955309038e-10,-0.336152924823198,0.74,0.751,3.51981515789678e-06
"TKT",2.5933443382046e-10,-0.357112820213024,0.276,0.335,6.14000205513322e-06
"RPL13",2.75745391465061e-10,-1.14826970139329,0.951,0.828,6.52854788832679e-06
"RPL5",3.17692531355688e-10,-1.07226319482093,0.82,0.68,7.52168837237726e-06
"LPCAT3",5.29377760482598e-10,-0.265769772211056,0.322,0.384,1.2533547857186e-05
"OSER1",5.89825895629304e-10,-0.371476756907465,0.2,0.269,1.39647179049194e-05
"IL6ST",6.21544311647623e-10,-0.256380047896224,0.202,0.274,1.47156831225691e-05
"TBC1D22B",7.1513298227619e-10,-0.334676797799667,0.208,0.28,1.69314884883711e-05
"PHKB",8.93887702202e-10,-0.253077395949491,0.291,0.371,2.11636852373345e-05
"SLC2A1",8.93963580133358e-10,-0.46929683518752,0.769,0.779,2.11654817232374e-05
"NFE2L2",9.96116376754161e-10,-0.272305271218677,0.316,0.4,2.35840513360315e-05
"BRAF",1.03797171577295e-09,-0.288822878578427,0.268,0.345,2.45750183426404e-05
"PLCL2",1.11402211614602e-09,-0.547846043134138,0.309,0.363,2.63755876218731e-05
"LINC02772",1.26459302446622e-09,-0.492517497365176,0.346,0.404,2.99405044472622e-05
"CLK3",1.298651721815e-09,-0.255944247926294,0.405,0.472,3.07468781656919e-05
"ANKRD11",1.29911109645118e-09,-0.38891568218484,0.369,0.422,3.07577543195782e-05
"PIP5K1B",1.34581774132198e-09,-0.430056381168675,0.404,0.455,3.18635808435393e-05
"RPS14",2.44230117390247e-09,-0.71786906932015,0.972,0.876,5.78239225933148e-05
"NUP153",2.49688034144698e-09,-0.283767713893292,0.28,0.363,5.91161389640988e-05
"RPL21",3.11504715957816e-09,-0.381384850426368,0.944,0.851,7.37518565501725e-05
"LSM7",3.44316868215973e-09,-0.296560589948736,0.256,0.315,8.15204617188138e-05
"ITGA4",5.20064652283443e-09,-0.374839445484204,0.38,0.419,0.000123130507074628
"RPL34",7.05232288403444e-09,-0.714088775976957,0.935,0.783,0.000166970796602399
"TERF2IP",9.59275045859948e-09,-0.431180454866353,0.817,0.825,0.000227117959857801
"SLIRP",1.12372808961484e-08,-0.257404725621058,0.402,0.446,0.00026605386249721
"NME4",1.34616360195781e-08,-0.268473340024431,0.372,0.41,0.00031871769439953
"NPL",1.37209589782491e-08,-0.294164271762827,0.469,0.533,0.000324857424769026
"ATP6V0E1",1.40954164254834e-08,-0.266278656353515,0.471,0.543,0.000333723079289745
"NATD1",1.43286209379174e-08,-0.322711131853193,0.273,0.336,0.000339244429326132
"RPS12",1.53884031822778e-08,-0.598462429913599,0.995,0.966,0.00036433583374361
"MARCH3",1.53950052089536e-08,-0.553504638282299,0.712,0.728,0.000364492143327185
"PRKDC",2.4726893638676e-08,-0.417826822446083,0.374,0.388,0.000585433933789293
"KDM7A",3.1887336299865e-08,-0.2839397149306,0.177,0.238,0.000754964574235603
"SOX6",3.57792049337004e-08,-0.795493616192732,0.778,0.705,0.000847108456010292
"RPL19",6.04305656002626e-08,-0.71458729659857,0.889,0.746,0.00143075407115182
"HBG2",6.84020512374435e-08,-1.5824243358875,0.319,0.369,0.00161948696509771
"CD55",7.87059801836722e-08,-0.386863632641804,0.296,0.355,0.00186344278682862
"FNBP1L",1.46226316401929e-07,-0.360487975851312,0.287,0.345,0.00346205426713206
"RPL4",1.86872907147302e-07,-0.69137060982632,0.781,0.641,0.00442440294961952
"RPL10A",1.95010545124051e-07,-1.24374065401382,0.615,0.521,0.00461706966635703
"STRN3",2.26788715501196e-07,-0.34833104999649,0.401,0.451,0.00536944962820632
"ARG1",2.56457739063115e-07,-0.356479879646835,0.167,0.212,0.00607189343005832
"CCS",2.74569730796985e-07,-0.28457778586181,0.538,0.595,0.00650071294634942
"ATP5MC3",2.82250901017225e-07,-0.436433066533332,0.48,0.466,0.00668257233248381
"USP12",3.30128745988861e-07,-0.393278595898941,0.47,0.531,0.00781612819003227
"RPS27A",5.82935664951601e-07,-0.75353274269732,0.949,0.787,0.0138015848033941
"AC079804.3",7.22729288822792e-07,-0.310886651703333,0.218,0.273,0.0171113386421684
"GABARAPL2",7.25133389271024e-07,-0.307358013835967,0.652,0.688,0.0171682581243808
"EEF1G",8.20347151203157e-07,-0.653224509370212,0.788,0.64,0.019422539151886
"FNIP1",8.51792572468077e-07,-0.301112664684217,0.372,0.428,0.0201670409457542
"CDC34",8.57448679588025e-07,-0.304349353940443,0.454,0.508,0.0203009549379261
"KEL",1.44705414420565e-06,-0.329521119815471,0.51,0.528,0.0342604539182129
"HNRNPM",1.53232445448515e-06,-0.270230974273988,0.447,0.458,0.0362793137843904
"RPS4X",2.97255369922047e-06,-0.891113777072267,0.881,0.713,0.0703781813827438
"RPL27",3.17916193255031e-06,-0.67515893596404,0.759,0.636,0.0752698379150612
"RPS17",3.89951529726423e-06,-0.749401696325681,0.815,0.658,0.0923249241780279
"SGIP1",3.97159845520829e-06,-0.289976924861103,0.098,0.135,0.0940315650255115
"AC124947.1",4.28341469137527e-06,-0.269882682974975,0.151,0.198,0.101414126233001
"RPL24",5.7884926750324e-06,-0.455473758005075,0.933,0.794,0.137048352574067
"FBXO34",6.01817852734066e-06,-0.346953778988277,0.424,0.483,0.142486394813318
"NR3C1",6.68544390543474e-06,-0.307925033955034,0.51,0.567,0.158284569905073
"SLC22A23",9.1831090398732e-06,-0.483792286306606,0.483,0.517,0.217419289628038
"NSMCE2",1.01679493187057e-05,-0.390830173717438,0.48,0.496,0.240736368069676
"OSBP2",1.23401051703104e-05,-0.281710859372545,0.596,0.621,0.292164330012268
"SNRPF",1.32678892892624e-05,-0.289671817478636,0.317,0.344,0.314130546812576
"RPL13A",1.36010558717422e-05,-0.800443936414805,0.935,0.764,0.322018598819369
"NFIA",1.51804422473694e-05,-0.657295077463437,0.708,0.608,0.359412150648718
"SRRM2",1.96838614278919e-05,-0.275735534578845,0.472,0.469,0.466035103166769
"MBOAT2",2.54928263218314e-05,-0.375651636294628,0.556,0.528,0.60356815599568
"RPL35",2.9918518154687e-05,-0.444930328648839,0.929,0.675,0.708350835830369
"METAP2",3.19004978341228e-05,-0.339032295684701,0.56,0.51,0.755276186720691
"ATP6V0C",3.82172205325485e-05,-0.341046741578135,0.705,0.732,0.904830913328619
"RPS21",4.15530369929327e-05,-0.387107381094439,0.924,0.656,0.983809703844674
"PNRC1",4.37730802065402e-05,-0.392828255132914,0.43,0.444,1
"CDYL",4.4021319785219e-05,-0.296976631146048,0.517,0.545,1
"SELENBP1",4.48195391635042e-05,-0.306910536499107,0.557,0.565,1
"ANKH",5.05411723433831e-05,-0.335808577974838,0.45,0.484,1
"TMEM140",6.94373622538905e-05,-0.297925533601635,0.112,0.143,1
"MXI1",7.96257397040037e-05,-0.319288240752525,0.804,0.794,1
"RPS29",9.60215072196402e-05,-0.503945795903309,0.801,0.655,1
"RPL7A",0.000105962227624916,-0.843742343890277,0.94,0.804,1
"RPL6",0.000131642262545431,-0.774833529562912,0.895,0.72,1
"RPL9",0.000148850500382013,-0.725187156817134,0.869,0.706,1
"SQSTM1",0.000150250150302274,-0.285292222921876,0.514,0.563,1
"RPS26",0.00016645259272987,-0.40049443794153,0.735,0.649,1
"IGF2BP2",0.000259755712588678,-0.298216488447439,0.348,0.395,1
"ZFAND3",0.000261120121373204,-0.275562542476365,0.366,0.407,1
"ISCA1",0.000284753039517331,-0.303342023620489,0.627,0.664,1
"BCL11A",0.000315631946120114,-0.257589078805229,0.335,0.376,1
"NARF",0.000376991517791102,-0.260431045108243,0.779,0.762,1
"RPL17",0.000382487864870098,-0.96296446252041,0.886,0.707,1
"XG",0.000536796466115718,-0.260842223087286,0.157,0.19,1
"RPL22",0.000713245682642207,-0.595146580814911,0.851,0.673,1
"SNRPD2",0.000727850593338912,-0.304138668296127,0.494,0.466,1
"SORBS1",0.000953499648913915,-0.311539850130837,0.222,0.259,1
"PCGF5",0.000955057495308013,-0.34263541833486,0.451,0.487,1
"TSPAN5",0.00116128290760448,-0.609466173552426,0.838,0.797,1
"RPL37A",0.00125236313836851,-0.914233703731217,0.917,0.725,1
"TPI1",0.00223601471349983,-0.273296006288437,0.327,0.34,1
"EEF1A1",0.00234829123630427,-0.50166744290413,0.988,0.838,1
"RPL29",0.0026307267567114,-0.721112169847023,0.94,0.774,1
"SRSF3",0.00334151337796375,-0.280143115866428,0.488,0.458,1
"RPS27",0.00368133777363707,-0.262370668030864,0.978,0.817,1
"RPS3",0.00414076361129272,-0.571664505417258,0.972,0.774,1
"RPL26",0.00514972381736563,-0.766845629849603,0.946,0.786,1
"SLC25A6",0.00530344745238978,-0.331289825816161,0.58,0.51,1
"CAMK1D",0.00563537077563513,-0.368706074154914,0.334,0.364,1
"RPL28",0.00716735231796884,-0.431406008616827,0.977,0.786,1
"RACK1",0.013635476284092,-0.713280202722483,0.844,0.668,1
"RPL36",0.0144343371525114,-0.856926386585554,0.859,0.666,1
"RPS16",0.0147862146165007,-0.419027133022965,0.912,0.682,1
"RPS15",0.0151806106455599,-0.605858303141057,0.965,0.837,1
"RPL12",0.0170948430558677,-0.716982266963218,0.864,0.674,1
"RPL23A",0.0247159735754354,-0.277931395203637,0.893,0.676,1
"RPL18A",0.0297240460377509,-0.746078379616591,0.925,0.766,1
"RPL8",0.03195239147032,-0.659620754469612,0.96,0.807,1
"HSPA5",0.0332955402933048,0.270991505808077,0.307,0.301,1
"RPL37",0.0336774546057242,-0.659244297736394,0.944,0.763,1
"AC024267.1",0.0392039149176241,-0.273630074806737,0.214,0.232,1
"RPL36A",0.0393572172546098,-0.34091401868234,0.951,0.751,1
"MAP4K5",0.0395276237638504,-0.334226823504879,0.504,0.521,1
"RPL18",0.0687462474012583,-0.43877298204262,0.969,0.793,1
"NUDT4",0.0846188839001466,-0.316272768370438,0.779,0.755,1
"MT2A",0.114753622834388,-0.417309577596222,0.386,0.401,1
"RPL15",0.140151058440213,-0.489119891871419,0.968,0.76,1
"GAPDH",0.156163551516013,-0.941317184470096,0.719,0.557,1
"RPS9",0.16102188434391,-0.685672657480415,0.912,0.718,1
"RPL14",0.163166326027727,-0.684560960377553,0.927,0.717,1
"OAZ1",0.180104517930353,-0.265194257671676,0.913,0.862,1
"RPL11",0.191739360407565,-0.652759886885034,0.961,0.811,1
"RPS6",0.205856757724554,-0.73429389716462,0.971,0.781,1
"EEF1B2",0.234704460592751,-0.625306011214044,0.799,0.573,1
"RPS23",0.236680039657171,-0.861739006147972,0.96,0.747,1
"CENPP",0.303673412316638,-0.365241961737862,0.425,0.376,1
"RPL3",0.304558449525596,-1.24854063966469,0.919,0.714,1
"JAZF1",0.330709551210647,-0.703476344110012,0.871,0.773,1
"RPL39",0.332660029685217,-0.488550127370776,0.911,0.729,1
"RPS5",0.395433989322882,-0.782508357751099,0.906,0.696,1
"RPS8",0.446465897998225,-0.830714492611575,0.972,0.798,1
"RPS15A",0.472244960892799,-0.377663042290519,0.981,0.881,1
"RPL32",0.495993306515659,-0.632341623443644,0.976,0.835,1
"BCL2L1",0.498848306694051,-0.263837992013704,0.612,0.575,1
"RPS28",0.506746559332528,-0.523560763796898,0.978,0.849,1
"UQCRH",0.538112756488193,-0.279646168715635,0.628,0.514,1
"RPS3A",0.575848316227223,-0.628378370680565,0.978,0.802,1
"RPS13",0.600604176477375,-0.512007667916232,0.925,0.756,1
"RPS20",0.68695786421818,-0.403149977426807,0.902,0.692,1
"SPTB",0.698854208523387,-0.311562373456976,0.595,0.545,1
"RPS7",0.74019497929008,-0.499115746313817,0.945,0.76,1
"TRAK2",0.793652029018722,-0.312190748352016,0.788,0.735,1
"RPL10",0.834540215584351,-0.993908307311503,0.944,0.748,1
"RPLP0",0.83802679239047,-0.699373292294879,0.917,0.688,1
"SPTA1",0.851533146191403,-0.441181607266689,0.829,0.714,1
"RPLP1",0.857337779925352,-0.649880237167762,0.991,0.868,1
"RPSA",0.964978220950652,-0.616726331115761,0.846,0.636,1
"RPLP2",0.991368363736635,-0.318023385957269,0.977,0.837,1
