ImageNumber,ObjectNumber,AreaShape_Area,Intensity_IntegratedIntensity_OrigBlue,Intensity_IntegratedIntensity_OrigRed,Intensity_MeanIntensity_OrigBlue,Intensity_MeanIntensity_OrigRed
1,1,7118,653.3372727520764,103.36863128421828,0.09178663567744821,0.01452214544594244
1,2,6330,673.3451164960861,30.54509968170896,0.10637363609732799,0.00482545018668388
1,3,8811,665.1215886026621,24.294119064230472,0.07548763915590309,0.002757248787223978
1,4,9666,1410.4470975827426,454.04707256518304,0.14591838377640623,0.04697362637752773
1,5,8172,739.0078631509095,119.70980839757249,0.09043170131557875,0.014648777336952091
1,6,7534,660.5411959476769,161.31765250861645,0.08767470081599109,0.02141195281505395
1,7,9108,813.19610369578,100.52549429470673,0.08928371801666447,0.011037054709563761
1,8,7889,708.3764898311347,217.22745780833066,0.08979293824706994,0.027535487109688256
1,9,8483,792.5059059597552,115.98431823588908,0.0934228346056531,0.013672559028160919
1,10,7894,705.9961001519114,112.11765132844448,0.08943451990776684,0.014202894771781667
1,11,9180,887.7294359840453,162.6000057850033,0.09670255293943848,0.017712418930828245
1,12,9605,1089.7921882849187,127.4117696294561,0.11346092538104306,0.013265150403899646
1,13,7987,669.8235496878624,90.48235660837963,0.0838642230734772,0.011328703719591791
1,14,6723,988.5098291784525,19.858824700582772,0.1470340367660944,0.002953863558022129
1,15,9818,1221.207875072956,110.24314169725403,0.12438458699052313,0.01122867607427725
1,16,9265,696.5568806603551,183.890202218201,0.07518153056236968,0.019847836181133408
1,17,6401,664.5019789859653,105.0274548213929,0.1038122135581886,0.01640797606958177
1,18,11209,1236.298074344173,242.66667471127585,0.11029512662540575,0.02164927064959192
1,19,7501,878.9921807125211,143.39608320593834,0.11718333298393828,0.019116928836946854
1,20,10581,1177.0863058269024,208.156869889237,0.11124527982486555,0.0196727029476644
1,21,8005,693.0745288655162,189.06275142589584,0.08658020348101389,0.023618082626595358
1,22,6182,649.8862941451371,67.96078711282462,0.10512557330073391,0.01099333340550382
1,23,7812,736.596099909395,197.77647695038468,0.09429033536986622,0.025317009338246887
1,24,7563,660.1294317990541,85.95294468756765,0.0872840713736684,0.011364927236224733
1,25,6600,618.8313894513994,128.6274554799311,0.09376233173506052,0.019489008406050164
1,26,6879,695.7686458621174,38.69804115360603,0.1011438647858871,0.00562553294862713
1,27,8418,746.4862970858812,213.28235984500498,0.08867739333403199,0.02533646470004811
1,28,8295,790.2000234443694,80.53333680611104,0.09526220897460752,0.00970866025390127
1,29,9001,1102.9647365231067,289.34118534624577,0.12253802205567234,0.03214544887748536
1,30,8489,839.2745346054435,82.01176820183173,0.0988661249387965,0.009660945718203761
1,31,7729,681.8706069886684,136.38431857712567,0.08822235825962847,0.017645790991994523
1,32,8787,863.2235550358891,285.17255789088085,0.09823871116830421,0.03245391577226367
1,33,9184,729.360803630203,110.68235739087686,0.07941646380990887,0.012051650412769692
1,34,7819,637.9215877689421,108.94510217802599,0.0815860836128587,0.013933380506206162
1,35,6559,675.9215857237577,101.2313761622645,0.10305253632013382,0.015433964958418128
1,36,7650,790.682376049459,174.30588803067803,0.10335717333979856,0.02278508340270301
1,37,7270,657.3294310756028,52.85882596578449,0.09041670303653408,0.007270815125967605
1,38,7767,791.5490436572582,47.07843367662281,0.101911811981107,0.006061340759189238
1,39,9245,839.7921792678535,316.6627548523247,0.09083744502626863,0.0342523261062547
1,40,7609,698.5647265799344,374.8078542095609,0.09180769175712108,0.04925849049935089
1,41,9243,931.9647329598665,156.05490758176893,0.10082924731795591,0.016883577581063392
1,42,6605,617.7882522977889,238.34118374995887,0.09353342199815123,0.0360849634746342
1,43,6791,620.9647238478065,102.458827289287,0.09143936443054138,0.015087443276290238
1,44,7908,590.694133348763,242.38432136224583,0.0746957680006023,0.03065052116366285
1,45,8547,761.1451215818524,76.76470927055925,0.08905406827914501,0.008981479966135398
1,46,9713,834.6666909884661,234.2235373170115,0.0859329446091286,0.02411443810532395
2,1,8889,1314.4000333435833,425.8902088524774,0.14786815539921064,0.047912049595283765
2,2,7745,680.3333519436419,207.54902636585757,0.08784162065121263,0.0267978084397492
2,3,4660,595.6078589502722,201.12157452339306,0.12781284526829875,0.04315913616381825
2,4,4776,263.13334204256535,14.807843994814903,0.0550949208631837,0.003100469848160574
2,5,10172,1400.1333730686456,163.03137850249186,0.13764582904725184,0.01602746544460203
2,6,8469,595.3882526680827,146.9411817630753,0.07030207257859047,0.017350476061291215
2,7,8796,1093.262775029987,312.7764802039601,0.12429090211800672,0.03555894499817645
2,8,8627,815.1411984227598,370.00001121265814,0.09448721437611682,0.04288860684046113
2,9,8956,962.1843410171568,568.8313888381235,0.10743460708096883,0.06351400054021031
2,10,3950,282.2353029027581,105.20784660987556,0.07145197541841977,0.026634897875917864
2,11,3730,562.6470731962472,284.9137335391715,0.15084371935556226,0.07638437896492534
2,12,6789,568.1960945092142,24.235295431688428,0.0836936359565789,0.0035697886922504683
2,13,7200,646.9137441553175,330.45099023357034,0.08984913113268299,0.045895970865773655
2,14,8336,917.3098283112049,473.5882490747608,0.11004196596823475,0.0568124099177976
2,15,7377,645.7098219059408,275.50981206074357,0.08753013717038644,0.037347134615798236
2,16,6651,541.8666801117361,331.7882450064644,0.08147145994763735,0.049885467599829265
2,17,8430,1308.3569017462432,305.07451894460246,0.15520247944795293,0.036189148154757114
2,18,8141,933.1412002667785,436.73726735962555,0.1146224297097136,0.05364663645247826
2,19,7459,754.9372756499797,302.4627542854287,0.10121159346426863,0.040550040794399875
2,20,10240,1116.7647355906665,395.8392275045626,0.10905905621002603,0.03865617456099244
2,21,7868,578.1843298301101,221.43530135974288,0.073485552850802,0.02814378512452248
2,22,10304,1467.3372947648168,248.97647886909544,0.14240462876211343,0.024163089952357865
2,23,4344,370.0784393697977,110.48235654411837,0.08519301090464956,0.02543332332967734
2,24,3491,306.047065526247,79.59215945797041,0.08766744930571384,0.022799243614428647
2,25,4295,514.8588375709951,140.60784754995257,0.11987400176274624,0.03273756636785857
2,26,8268,704.2666857540607,124.51373014599085,0.0851798120166982,0.015059715789307069
3,1,5336,463.3019748032093,298.9137341766618,0.0868257074218908,0.05601831600012403
3,2,6607,405.109817083925,46.694119909312576,0.06131524399635614,0.007067370956457178
3,3,8677,818.3215914554894,182.04706493159756,0.09430927641529208,0.020980415458291754
3,4,4028,439.40001171827316,316.79608779307455,0.1090863981425703,0.0786484825702767
3,5,7028,489.55295380577445,51.384316137991846,0.06965750623303564,0.007311371106714833
3,6,7342,570.3764846976846,175.50196658121422,0.07768679987710224,0.0239038363635541
3,7,8008,583.909819515422,175.70980970049277,0.07291581162779995,0.02194178442813346
3,8,5368,297.91765663027763,21.964707144070417,0.05549881829923205,0.00409178598063905
3,9,9526,745.3137467931956,93.26274913549423,0.07823994822519374,0.009790336881744093
3,10,7860,688.7764888890088,464.6196214556694,0.08763059655076447,0.0591119111266755
3,11,5958,398.08628659695387,211.80392788164318,0.06681542238955251,0.03554950115502571
3,12,6886,498.2509942166507,140.9803969929926,0.07235710052521793,0.020473481991430818
3,13,5616,361.1725594215095,13.588236086070538,0.06431135317334571,0.002419557707633643
3,14,9488,1083.301991570741,136.94118158938363,0.11417601091597185,0.014433092494665222
3,15,6950,680.6392351537943,493.0549154281616,0.09793370289982652,0.07094315329901606
3,16,9562,757.4706088267267,164.40392740489915,0.07921675474029771,0.017193466576542474
3,17,6173,476.93726904690266,171.4745152834803,0.07726182877805,0.02777814924404346
3,18,6272,467.8313852939755,184.4039276437834,0.07459046321651394,0.029401136422797097
3,19,5648,493.5843284409493,168.1647112867795,0.08739099299591879,0.029774205256157843
3,20,5158,399.7764817029238,6.623529800213873,0.07750610347090418,0.0012841275300918716
3,21,10356,866.3333573080599,155.96471168426797,0.08365521024604673,0.015060323646607567
3,22,7132,476.6039349474013,115.73725905036554,0.06682612660507589,0.016227882648677163
3,23,6235,499.2353072781116,10.333333938848227,0.08006981672463698,0.0016573109765594591
3,24,9340,660.3608030602336,132.6941226539202,0.0707024414411385,0.014207079513267688
3,25,7427,774.9804132170975,315.415695969481,0.10434635966299953,0.04246878900895126
3,26,6657,402.4470717832446,82.54510132176802,0.06045472011164858,0.012399744828266189
3,27,8729,904.2745340056717,367.56863843044266,0.10359428731878471,0.04210890576588872
3,28,8044,557.1843295246363,88.64706246228889,0.0692670722929682,0.011020271315550582
4,1,6133,470.94903361052275,175.54902539914474,0.07678934185725139,0.028623679341129096
4,2,7217,432.7490331046283,129.59608293883502,0.05996245435840769,0.017957057356080785
4,3,5185,353.3058929182589,74.90980671951547,0.06813999863418686,0.014447407274737796
4,4,9809,818.0627688765526,131.36471093073487,0.08339920163895938,0.013392263322533885
4,5,6066,357.1607942767441,26.90588385798037,0.05887912863118103,0.00443552322090016
4,6,4857,337.77647976763546,159.60000499058515,0.06954426184221442,0.03285979102132698
4,7,6218,391.1333446241915,389.600011411123,0.06290340055069017,0.06265680466566789
4,8,7823,459.40393738634884,331.45883335499093,0.058724777883976585,0.042369785677488295
4,9,5631,341.9764802567661,208.92549660569057,0.06073103893744736,0.03710273425780333
4,10,6642,453.9019738472998,119.14510226575658,0.06833814722181569,0.01793813644470891
4,11,8271,551.8862903825939,265.9137339210138,0.0667254612964084,0.032150131050781496
4,12,5569,373.3764819353819,360.9882457461208,0.0670455165982011,0.06482101737226087
4,13,5681,372.5725593045354,12.894118402153254,0.06558221427645404,0.0022696916743800834
4,14,5800,358.266677018255,96.9686309308745,0.06177011672728534,0.01671872947084043
4,15,4845,373.68628430366516,162.19216202851385,0.07712823205442006,0.0334761944331298
4,16,9839,664.9804112277925,230.9607918956317,0.06758617859821044,0.023474010762844975
4,17,6975,322.52157866582274,73.58431674912572,0.04623965285531509,0.010549722831415873
4,18,5597,380.76863901503384,317.9137346209027,0.06803084491960583,0.056800738720904534
4,19,8419,671.0823716390878,187.05098682874814,0.07971046105702433,0.022217720255226052
4,20,8193,518.7019765488803,360.8117752377875,0.0633103840533236,0.04403903029876571
4,21,6325,395.6000117883086,231.73726194584742,0.06254545640921876,0.03663830228392845
4,22,4230,752.4862941280007,1121.6470875181258,0.17789274092860538,0.26516479610357585
4,23,5772,357.8078545629978,219.94118311163038,0.061990272793312165,0.03810484807893804
4,24,6872,409.14903121069074,369.68628510273993,0.05953856682344161,0.05379602518957217
5,1,7913,487.48236809670925,262.59608670836315,0.06160525313998601,0.033185402086233176
5,2,3826,190.45882857218385,117.6980427368544,0.04978014338007942,0.03076268759457773
5,3,3619,178.39608297497034,152.58039664756507,0.04929430311549332,0.04216092750692597
5,4,4456,246.02745931968093,78.19215966202319,0.05521262552057472,0.017547612132410947
5,5,4819,332.780401468277,163.51373065356165,0.06905590401914857,0.03393105014599744
5,6,7872,477.47060465440154,348.09020631574094,0.06065429429044735,0.044218776208808555
5,7,3329,228.14118321239948,3.121568812057376,0.06853144584331615,0.000937689640149407
5,8,8370,625.737273529172,252.93334161350504,0.07475953088759521,0.030219037229809443
5,9,4498,298.4705970659852,246.11765458900481,0.06635629103290022,0.054717130855714724
5,10,6509,362.58040392398834,220.9098108066246,0.055704471335687254,0.033939132095041416
5,11,4852,308.4941264167428,53.05098261591047,0.06358081748077964,0.010933838131885917
5,12,4970,296.4941273685545,278.98824358638376,0.059656766070131685,0.05613445544997661
5,13,4923,258.38432201743126,258.08236015494913,0.05248513549003276,0.05242379852832605
5,14,4982,258.513732932508,254.86275237891823,0.05188954896276756,0.051156714648518314
5,15,9289,654.0157052408904,446.2862873249687,0.07040754712465178,0.048044599776614134
5,16,4541,255.77255799621344,43.266668534372,0.05632516141735597,0.009528004521993394
5,17,3459,157.83529816567898,37.65490352269262,0.04563032615370887,0.010886066355216138
5,18,6052,321.5255001820624,360.8353043925017,0.05312714808031434,0.05962248915936909
5,19,5335,312.52942050620914,95.2156896032393,0.05858095979497828,0.01784736449920137
5,20,5282,287.34510727599263,129.298043389339,0.05440081546308077,0.024478993447432602
5,21,5934,325.1255010776222,128.38823957089335,0.0547902765550425,0.02163603632809123
5,22,6218,297.71373492106795,194.29804538050666,0.04787933980718365,0.0312476753587177
5,23,4859,234.9451053030789,96.9176503829658,0.048352563347001214,0.019946007487747643
5,24,7546,477.239230081439,323.08236251585186,0.06324400080591559,0.042815049366002104
5,25,7232,372.5960899069905,189.42353553371504,0.051520477033599354,0.026192413652338917
5,26,5250,274.3843220323324,189.5725547899492,0.05226368038711094,0.03610905805522842
5,27,5644,297.3137347921729,275.0235371515155,0.05267784103334035,0.04872847929686667
5,28,7628,411.7333453297615,158.20784856844693,0.05397657909409564,0.020740410142691
5,29,6059,367.0470705702901,200.16079052118585,0.06057882003140619,0.03303528478646408
5,30,7157,530.9372712671757,252.40392920095474,0.07418433299806843,0.035266721978616
5,31,5611,303.3882440775633,212.60392801696435,0.05407026271209469,0.03789055926162259
5,32,6079,268.34510596096516,74.14510100474581,0.044142968573937354,0.012196924001438693
5,33,8800,574.8392326384783,113.04314166167751,0.06532264007255435,0.012845811552463353
6,1,5438,265.8313806205988,194.2588297324255,0.04888403468565627,0.035722476964403366
6,2,5987,357.4627563916147,197.46667284471914,0.0597064901272114,0.03298257438528798
6,3,7152,524.9764862321317,236.64706617454067,0.07340275254923542,0.033088236321943604
6,4,5465,277.8627534285188,156.9607894117944,0.05084405369231817,0.02872109595824234
6,5,5749,245.59608572348952,57.98039458785206,0.04271979226360924,0.01008530085020909
6,6,8083,512.3764856532216,91.63921941444278,0.0633893957259955,0.01133727816583481
6,7,7773,530.7647206149995,449.09805263439193,0.06828312371220886,0.057776669578591525
6,8,5144,250.83138006553054,64.5725515964441,0.04876193236110625,0.012552984369448697
6,9,7809,440.1529543213546,77.27843465423211,0.05636482959679275,0.009896073076479973
6,10,7205,513.3529575057328,323.2039310717955,0.07124954302647228,0.0448582832854678
6,11,6946,353.71373550593853,255.4313799594529,0.05092337107773374,0.036773881364735514
6,12,5027,227.50196658819914,160.38039709068835,0.045256010859001224,0.03190379890405577
6,13,4653,185.42745726183057,23.80784446792677,0.03985116210226318,0.005116665477740548
6,14,3658,235.19608513265848,144.73725919565186,0.06429636006907012,0.039567320720517184
6,15,4474,223.86275143921375,59.517649380490184,0.05003637716567138,0.01330300611991287
6,16,4972,227.15294774994254,78.24706171033904,0.04568643357802545,0.015737542580518713
6,17,9589,621.7686449252069,207.4000070807524,0.06484186515019365,0.021628950576780936
6,18,4440,253.0705962255597,20.49411879433319,0.05699788203278372,0.004615792521246214
6,19,5018,271.24706718325615,94.81961117498577,0.054054816098695925,0.018895897005776357
6,20,7741,508.64315306022763,59.67059104796499,0.06570768028164677,0.0077083827732805825
6,21,5077,247.8784386627376,167.27451535640284,0.048823801194157496,0.03294751139578547
6,22,5890,296.56471560895443,304.04706749133766,0.050350545943795316,0.051620894310923204
6,23,9415,664.6353140063584,320.9333433890715,0.07059323568840768,0.0340874501740915
6,24,5701,267.6666737049818,292.5294201942161,0.04695082857480824,0.05131194881498265
6,25,9303,655.956880595535,57.94902257993817,0.07051025267070139,0.006229068319890161
6,26,5846,290.45491125434637,223.86275190953165,0.0496843844088858,0.03829332054559214
6,27,8110,487.9882480241358,116.83921986585483,0.0601711773149366,0.014406808861387772
6,28,7219,482.07844477146864,219.7568699666299,0.06677911688204304,0.030441455875693295
7,1,6246,384.90981585904956,211.80784970941022,0.06162501054419622,0.03391095896724467
7,2,4035,676.0117838066071,828.2196297380142,0.16753699722592494,0.20525889212838022
7,3,5705,342.98040333762765,202.78824169980362,0.0601192643887165,0.03554570406657381
7,4,6817,381.93334456533194,283.1921652634628,0.056026601813896425,0.041542051527572656
7,5,5370,329.07059755921364,89.86667000036687,0.06127944088625952,0.016734947858541314
7,6,5735,300.0039311684668,60.54902216326445,0.05231106036067425,0.010557806828816818
7,7,3321,545.2902111951262,701.6784506253898,0.16419458331681006,0.21128529076344169
7,8,5930,379.08236427232623,152.1647108718753,0.06392619970865535,0.025660153604026188
7,9,4935,257.505890622735,69.72941438341513,0.05217951177765654,0.014129567250945316
7,10,7299,535.1137407124043,80.15294446051121,0.07331329506951695,0.010981359701398987
7,11,8329,606.7058995831758,143.13333836337551,0.07284258609475036,0.01718493677072584
7,12,5106,272.8980482816696,39.52941357111558,0.05344654294588124,0.00774175745615268
7,13,5639,359.5686373859644,41.65490390686318,0.06376461028302259,0.007386930999621065
7,14,5518,305.01961740106344,145.20000483561307,0.05527720503824999,0.026313882717581203
7,15,5276,357.89804968237877,265.23530177306384,0.06783511176694063,0.05027204355061862
7,16,5719,416.55295315384865,32.21176636964083,0.0728366765437749,0.0056324123744782
7,17,6779,410.48628686740994,336.6039312952198,0.06055263119448443,0.04965392112335445
7,18,8614,596.6313897185028,401.4470700696111,0.06926298928703306,0.04660402485135954
7,19,9113,589.2353115901351,240.4313802877441,0.06465876347965929,0.026383340314687163
7,20,6775,385.12158000841737,343.40785333281383,0.056844513654378946,0.05068750602698359
7,21,6777,382.74511014297605,232.8941247877665,0.056477070996455075,0.0343653718146328
7,22,5709,332.5176577344537,274.4039294011891,0.05824446623479658,0.048065147907022085
7,23,6168,323.32549963891506,69.10196364112198,0.052419828086724234,0.011203301498236378
7,24,5424,353.62746085599065,93.8980426019989,0.06519680325516052,0.017311586025442274
7,25,7780,615.8274665307254,400.8745218459517,0.07915520135356367,0.05152628815500664
7,26,4769,261.81177282333374,18.478432431351393,0.05489867326972819,0.0038746975112919674
7,27,6570,350.67844327539206,166.98824077146128,0.05337571434937474,0.0254167794172696
7,28,5510,333.76863822340965,123.00784735381603,0.06057507045796908,0.022324473203959354
7,29,7823,513.9921722710133,62.27843422302976,0.06570269363045037,0.007960940077084208
7,30,7462,661.3529603071511,571.6980547327548,0.08862945059061259,0.07661458787627376
7,31,9051,630.1451173387468,293.9294209196232,0.0696216017388959,0.03247480067612675
7,32,7102,400.81569837778807,318.2235389780253,0.05643701751306506,0.044807594899750114
7,33,6444,619.2745264060795,49.725492460187525,0.09610095071478578,0.007716556868433818
7,34,5250,314.5058916993439,99.15294458018616,0.05990588413320837,0.018886275158130697
7,35,8324,787.9921803735197,88.63137627998367,0.09466508654174911,0.010647690567033118
7,36,6177,332.541185894981,291.3568711467087,0.05383538706410572,0.047168021879020354
7,37,5955,316.17255870997906,135.23922017682344,0.05309362866666315,0.02271019650324491
7,38,4075,307.76471497491,180.88235830515623,0.07552508342942577,0.04438830878654141
7,39,7469,504.32550452649593,128.69804376969114,0.06752249357698432,0.01723096047257881
7,40,5249,354.20393167063594,164.7019659387879,0.06748026894087178,0.03137777975591311
7,41,6156,403.92942375317216,564.9843289777637,0.06561556591182134,0.0917778312179603
7,42,5750,311.780401699245,183.882358499337,0.05422267855639043,0.03197954060858035
8,1,6526,381.84707057103515,68.33333620335907,0.05851165653862016,0.01047093720554077
8,2,8138,798.4274705313146,285.63922412414104,0.09811101874309593,0.035099437714935004
8,3,8046,570.7882513590157,92.75686652725562,0.07094062283855528,0.011528320473186133
8,4,9804,918.4549264498055,202.4039284447208,0.09368165304465581,0.020645035541077193
8,5,6017,314.2392263971269,20.803922763559967,0.052225232906286674,0.0034575241421904547
8,6,6658,495.06667947769165,257.8509881859645,0.07435666558691674,0.03872799462090185
8,7,6082,428.05491412617266,102.77647423371673,0.07038061725191921,0.01689846666124905
8,8,10253,895.5098303481936,339.4431475708261,0.08734124942438248,0.0331067148708501
8,9,5960,380.85491282120347,22.137256178539246,0.06390183101026904,0.0037143047279428265
8,10,8058,616.3529575131834,306.7960877874866,0.07648957030444073,0.03807347825607925
8,11,4819,400.3647172730416,121.3647098466754,0.08308045596037386,0.02518462540914617
8,12,7283,470.36864099651575,420.0470712822862,0.06458446258362155,0.057675006354838146
8,13,10076,864.992180954665,143.61177018657327,0.08584678254810092,0.014252855318238713
8,14,5893,357.3607944995165,41.282354874536395,0.06064157381631028,0.007005320698207432
8,15,3875,192.77255435101688,26.278432657010853,0.049747755961552745,0.0067815310082608654
8,16,8399,467.01962301135063,142.98039715131745,0.055604193714888756,0.017023502458782886
8,17,5731,402.31765931099653,31.941178107634187,0.07020025463461814,0.005573403962246412
8,18,5725,349.14510863646865,58.29412007331848,0.060986045176675746,0.010182379052108032
8,19,6010,381.713736474514,204.46275161765516,0.06351310091090083,0.03402042456200585
8,20,7921,481.8823684230447,158.44706407701597,0.06083605206704263,0.020003416750033576
8,21,6835,402.2666792497039,197.94118290953338,0.05885393990485792,0.028959938977254334
8,22,7931,945.9019857682288,145.4705932349898,0.11926642110304234,0.01834202411234268
8,23,8120,534.5764860250056,281.8470673826523,0.06583454261391694,0.034710229973233045
8,24,6510,357.4078546874225,129.10588678903878,0.05490136016703879,0.019831933454537445
8,25,7747,548.549034550786,419.76471839798614,0.07080793010853054,0.054184163985799165
8,26,8810,894.9019844569266,263.5843218881637,0.10157797780441845,0.02991876525404809
8,27,6343,392.4431496709585,153.56078945705667,0.061870274266271244,0.024209489115096433
8,28,4871,347.1843234524131,91.77255213214085,0.0712757798095695,0.018840597850983545
8,29,7404,628.9098224975169,535.4941328000277,0.08494189931084777,0.07232497741761584
8,30,5510,491.91373896226287,54.15294332103804,0.08927654064650868,0.009828120384943382
8,31,5344,399.35295120067894,168.98824079940096,0.07472921991030669,0.031622051047792095
8,32,6193,378.75295217335224,112.62353339837864,0.06115823545508675,0.018185618181556378
8,33,5866,375.52550084888935,146.30196552770212,0.06401730324733879,0.0249406692000856
8,34,10901,844.474533714354,268.560793208424,0.07746762074253316,0.02463634466639978
8,35,6151,385.427462041378,223.39216383639723,0.06266094326798537,0.036318023709380136
8,36,6137,440.32942539453506,426.313737844117,0.07174994710681686,0.06946614597427359
8,37,7762,582.5529570393264,177.49412351567298,0.07505191407360556,0.022867060489007083
8,38,3873,251.0235370732844,67.02353183599189,0.06481371987433111,0.017305327094240094
8,39,5277,379.87452060356736,273.0313805565238,0.07198683354246113,0.0517398864044957
8,40,4537,281.42353803664446,33.72157010436058,0.062028551473803054,0.007432570003165215
8,41,7828,485.6784466803074,95.35294493008405,0.062043746382256945,0.012181009827552894
9,1,10178,1076.400027409196,348.69020692212507,0.1057575189044209,0.03425920681097711
9,2,7830,579.1921727210283,228.4313799724914,0.07397090328493337,0.02917386717400912
9,3,9617,1285.5804281532764,183.29020222555846,0.13367790663962528,0.019058979122965423
9,4,4559,415.6392240412533,134.65098457690328,0.09116894583050084,0.02953520170583533
9,5,10885,1191.7412104308605,249.57647895626724,0.10948472305290405,0.022928477625748022
9,6,8351,730.729430962354,139.9803972323425,0.08750202741735767,0.016762111990461324
9,7,7702,586.6509973928332,42.345100249163806,0.07616865715305547,0.005497935633493094
9,8,6583,485.0902085676789,35.34902151953429,0.07368831969735362,0.005369743508967688
9,9,6961,532.1882514432073,103.08235670579597,0.0764528446262329,0.014808555768682083
9,10,6897,496.1843269020319,293.15294960560277,0.07194205116746874,0.04250441490584352
9,11,6613,438.0117769278586,217.1098107690923,0.06623495795068178,0.03283075922714234
9,12,7075,493.1725620254874,155.36078956862912,0.06970636919088162,0.021959122200512948
9,13,4868,398.28236409276724,108.94902332080528,0.08181642647756106,0.022380653927856466
9,14,7669,639.0039397925138,67.67451276583597,0.08332298080486554,0.008824424666297558
9,15,7140,482.0313870124519,161.67843665927649,0.06751139874123976,0.022644038747797825
9,16,10135,1007.996106904,198.91373249003664,0.09945694197375432,0.019626416624571943
9,17,10339,700.4862943291664,288.9843230196275,0.0677518419894735,0.027950896897149385
9,18,6447,578.6274687629193,143.03529879963025,0.08975142993065291,0.022186334543141034
9,19,10441,1053.6745411716402,510.36472067655995,0.10091701380822145,0.04888082757174217
9,20,9088,713.6745289005339,258.20785152586177,0.07852932756387918,0.028411955493602748
9,21,10480,1191.972581870854,666.1843324084766,0.11373784178157002,0.06356720729088518
9,22,5494,309.2078527584672,14.039216501638293,0.05628100705469006,0.002555372497567946
9,23,8726,917.6117893625051,301.7960876249708,0.10515835312428433,0.034585845476159845
9,24,6636,503.9255041666329,173.69020178774372,0.07593814107393504,0.02617393034776126
9,25,6542,764.3764936029911,341.2980497572571,0.11684140837710044,0.052170291922540066
9,26,6966,541.2980531081557,177.82745675649494,0.0777057210893132,0.025527915124389167
9,27,4791,304.7451068274677,28.87058970797807,0.063607828601016,0.006026004948440424
9,28,11062,1029.7529678866267,235.8117725653574,0.093089221468688,0.021317281916955106
9,29,6947,545.1372714042664,190.65490816906095,0.07847088979476988,0.027444207308055413
9,30,8006,894.509829390794,246.79216463398188,0.11172993122543018,0.030825901153382698
9,31,6295,391.76863875985146,196.58431991981342,0.062234890986473626,0.031228644943576397
9,32,7330,534.5921715162694,111.21961191901937,0.07293208342650334,0.015173207628788455
9,33,6950,683.105901973322,433.8823654698208,0.0982886189889672,0.062429117333787164
9,34,6373,482.89413237944245,83.62745422869921,0.07577187076407382,0.013122148788435463
9,35,6954,533.8980532959104,169.23922124598175,0.0767756763439618,0.024336960202183167
9,36,10014,991.1059105917811,316.37648052722216,0.0989720302168745,0.03159341726854625
9,37,4533,272.6784398891032,31.58823674917221,0.06015407895193099,0.006968505790684362
9,38,6381,461.203934956342,179.24314300576225,0.07227768922682055,0.02809013367900991
9,39,8411,901.4392416253686,424.66275756666437,0.1071738487249279,0.050488973673363975
9,40,5594,398.02746099978685,152.88627945957705,0.07115256721483497,0.027330403907682706
10,1,6665,567.1608004458249,80.55294438404962,0.08509539391535256,0.012085963148394543
10,2,7835,582.4941331148148,227.76863478310406,0.074345135049753,0.029070661746407666
10,3,8709,788.8039452917874,105.91372972493991,0.09057342350347772,0.012161411152249387
10,4,9926,877.6470849234611,279.00785208586603,0.08841900916013108,0.02810879025648459
10,5,6525,560.2117806822062,185.6313786227256,0.08585621159880553,0.028449253428770208
10,6,6986,523.6823667250574,38.1098059383221,0.07496169005511844,0.00545516832784456
10,7,10803,955.9098339490592,238.9215766103007,0.08848559047940935,0.022116224808877226
10,8,7213,508.87452378124,142.07451465399936,0.07054963590478858,0.019697007438513707
10,9,7872,729.7921779192984,65.18431654106826,0.09270733967470762,0.008280528015887736
10,10,6778,570.9019770193845,290.9882441298105,0.08422867763638013,0.04293128417376962
10,11,9561,946.3764969594777,184.25490831490606,0.09898300355187509,0.019271510126023017
10,12,7125,513.074523370713,126.80000442126766,0.07201045942045095,0.01779649184859897
10,13,7634,615.6627613864839,63.584316574502736,0.08064746677842335,0.008329095700092054
10,14,9090,786.113748382777,114.9921613917686,0.08648116043814928,0.012650402793373884
10,15,8657,789.9686488732696,253.24314556224272,0.0912520098040048,0.029252991285923843
10,16,7375,547.0588387511671,83.41961120953783,0.0741774696611752,0.011311133723327165
10,17,6783,524.2980547137558,91.40784659190103,0.07729589484206927,0.013476020432242523
10,18,7924,606.0235443785787,207.70588922454044,0.07647949828099175,0.026212252552314543
10,19,7541,640.8235477916896,225.99216416152194,0.0849785900797891,0.029968460968243196
10,20,7130,518.690209697932,66.7882382562384,0.07274757499269734,0.009367214341688416
10,21,10420,1178.4627786129713,126.1568678272888,0.11309623595134081,0.012107185012215816
10,22,6651,551.015703516081,101.8627489595674,0.08284704608571357,0.01531540354225942
10,23,7285,555.0941331870854,175.44706456037238,0.07619686111010095,0.02408333075639978
10,24,7614,613.2353073731065,243.36863506026566,0.08054049216878205,0.031963309043901454
10,25,8461,1208.807874996215,285.6509893736802,0.14286820411254167,0.0337609017106347
10,26,6865,565.6666816584766,150.09804425761104,0.0823986426305137,0.02186424533978311
10,27,7931,906.3176719248295,201.16079098172486,0.11427533374414696,0.025363862184053065
10,28,6835,503.97648488357663,99.53725865948945,0.07373467225802145,0.01456287617549224
10,29,9027,772.6823750138283,211.8078500549309,0.08559680680334865,0.023463814119301086
10,30,11108,886.1686519272625,112.72941651660949,0.07977751637803948,0.010148489063432615
11,1,5319,543.0353098474443,77.99608134990558,0.10209349686923187,0.014663673876650796
11,2,6639,516.9215827994049,155.5843187929131,0.07786136207251165,0.023434902664996704
11,3,7724,440.0706017166376,98.41569007420912,0.05697444351587747,0.012741544546117183
11,4,6701,401.33726654201746,96.3294154969044,0.05989214543232614,0.014375379122057066
11,5,6810,422.2549159601331,79.37255223095417,0.06200512716007828,0.011655294013355973
11,6,5796,461.60393480211496,103.71372923161834,0.07964181069739734,0.017894018155903788
11,7,6434,497.97256269305944,50.96862981189042,0.0773970411397357,0.007921764036663106
11,8,8469,609.623546179384,63.53725786693394,0.07198294322580989,0.0075023329633881145
11,9,6874,427.00001215562224,66.51764996303245,0.06211812804126014,0.00967670206037714
11,10,6893,532.6862890534103,82.52549352217466,0.07727931075778476,0.011972362327313892
11,11,10138,906.184338927269,76.49804282095283,0.08938492196954714,0.007545673981155339
11,12,10895,886.7255150452256,80.48235667869449,0.08138829876505053,0.007387091021449701
11,13,6394,430.23922753334045,36.9764725449495,0.0672879617662403,0.005782995393329606
11,14,6369,469.04315062612295,129.49412209214643,0.07364470884379384,0.020331939408407353
11,15,8291,637.2980567216873,214.16471301577985,0.07686624734310546,0.025830986975730292
11,16,7821,680.2588421963155,122.19608288211748,0.08697849919400531,0.015624099588558685
11,17,10837,674.9255089871585,22.054903261363506,0.06227973691862679,0.0020351484046658213
11,18,9066,781.5372782628983,111.92941623926163,0.0862053031395211,0.012346064001683392
11,19,7021,460.47452345862985,47.48627683054656,0.06558531882333427,0.0067634634426074
11,20,3899,480.705897891894,266.25098819378763,0.12328953523772608,0.0682869936378014
11,21,6652,539.8784468322992,165.54902502847835,0.08116031972824703,0.02488710538612122
11,22,6978,412.8313841857016,197.02353565301746,0.05916184926708249,0.028234957817858623
11,23,5317,448.9568756520748,53.474512066692114,0.08443800557684311,0.010057271406186216
11,24,9149,754.7804135158658,229.88236050121486,0.08249867892839281,0.025126501311751544
11,25,5943,279.4941259883344,70.71372833335772,0.04702913107661693,0.011898658646030241
11,26,4409,191.30981033295393,57.529414020478725,0.04339074854455748,0.013048177369126498
11,27,7968,598.4431542828679,123.8941222820431,0.07510581755558081,0.015548961129774485
11,28,7198,464.47060273587704,81.07059152098373,0.06452773030506766,0.011262932970406186
11,29,7633,518.8745243065059,192.42353572230786,0.06797779697451932,0.025209424305293836
11,30,8979,833.4549269601703,178.14902545930818,0.09282268927053906,0.01984063096773674
11,31,6102,514.7529571764171,254.52157635986805,0.08435807230029779,0.0417111727892278
11,32,10282,975.0431654825807,97.83921988448128,0.09483010751629845,0.009515582560249104
11,33,7498,536.8470723666251,113.95294545358047,0.07159870263625301,0.015197778801491127
11,34,9652,766.286294143647,193.52941837348044,0.07939145194194436,0.02005070642079159
11,35,4466,239.12157576531172,29.313726861961186,0.053542672585157124,0.006563754335414507
11,36,8573,661.6666841134429,88.30980761907995,0.07718029675882922,0.010300922386455144
11,37,5805,451.86667999625206,221.56471266038716,0.07784094401313559,0.03816790915768943
11,38,4449,240.27843895182014,36.21568790497258,0.05400729129058668,0.008140186087878755
11,39,7007,467.4941333010793,78.91372870560735,0.06671815802784063,0.011262127687399365
12,1,6027,421.196090567857,67.1960812038742,0.06988486652859749,0.0111491755772149
12,2,7933,584.0470751859248,182.16471197269857,0.07362247260631852,0.022962903311823844
12,3,10018,932.6863006539643,246.84706676239148,0.09310104817867482,0.024640354038969005
12,4,4627,280.31373400986195,34.10588388051838,0.06058217722279273,0.007371057678953615
12,5,6170,419.4666786082089,135.41961237601936,0.06798487497701927,0.021948073318641712
12,6,5708,389.9019709452987,123.05490607116371,0.06830798369749451,0.021558322717442836
12,7,8170,821.6313960179687,321.1568722310476,0.10056687833757266,0.03930928668678673
12,8,6577,388.90981716662645,127.97647496405989,0.05913179522071255,0.01945818381694692
12,9,8961,616.094133798033,97.70980796124786,0.0687528326970241,0.010903895543047413
12,10,5668,407.1058944053948,108.61176847899333,0.07182531658528489,0.019162273902433545
12,11,6779,378.96079569123685,52.72157099749893,0.055902167825820456,0.007777189998155912
12,12,6562,393.2509924545884,98.92157235136256,0.05992852673797446,0.015074911970643486
12,13,5489,420.3411870263517,118.20392543077469,0.07657882802447653,0.02153469218997535
12,14,5760,330.5255010947585,145.91765188239515,0.0573828994956178,0.025332925674026934
12,15,8485,666.5921749919653,135.2000049208291,0.07856124631608312,0.015934001758494885
12,16,9287,599.796096097678,140.63922100374475,0.06458448326668224,0.015143665446726042
12,17,6466,471.33334592729807,102.1333370488137,0.07289411474285463,0.015795443403775703
12,18,7166,440.6745224185288,149.44706387491897,0.06149518872711817,0.020855018681959107
12,19,5798,416.1294240690768,50.000002248212695,0.0717712011157428,0.008623663719940099
12,20,10082,858.7608103118837,216.40392881818116,0.08517762451020469,0.021464384925429594
12,21,7591,473.90981862694025,212.63137952517718,0.06243048592108289,0.02801098399752038
12,22,10278,644.6117868050933,382.1098157102242,0.06271762860528247,0.037177448502648786
12,23,6327,451.2470705918968,96.49019967298955,0.07132085832019863,0.015250545230439316
12,24,8141,615.9372706711292,314.62746061431244,0.07565867469243695,0.038647274366086774
12,25,9403,804.3843366280198,171.0078491778113,0.08554550001361479,0.018186520172052675
12,26,5835,359.7686378881335,18.682354018557817,0.06165700735015142,0.003201774467619163
12,27,7847,634.6627642028034,339.2902056761086,0.08087966919877704,0.043238206407048375
12,28,9084,616.1764880307019,211.96079150261357,0.06783096521694208,0.02333342046484077
12,29,6516,395.9921684637666,244.21177246747538,0.0607722787697616,0.03747878644375006
12,30,7723,556.5960945561528,284.62745957262814,0.07206993325859806,0.036854520208808514
12,31,6005,395.38040305301547,47.16862967284396,0.06584186562081856,0.007854892535028137
12,32,8789,828.1568851061165,357.85883427551016,0.09422652009399438,0.04071667246279556
12,33,7206,393.94903182424605,36.203923527151346,0.054669585321155435,0.0050241359321608866
12,34,6363,409.356874614954,89.68235635291785,0.06433394226229043,0.014094351147716148
12,35,5332,480.7843261323869,115.30980774294585,0.09016960355071023,0.021625995450665014
12,36,8957,791.4784552119672,126.33725972427055,0.0883642352586767,0.014104863204674618
12,37,6587,378.3333442620933,319.76079383678734,0.0574363662155903,0.04854422253480907
12,38,6856,446.027463901788,51.74117891769856,0.06505651457143932,0.00754684639989769
12,39,8473,532.9804087691009,248.59216494346038,0.06290338826497119,0.029339332579188054
12,40,6760,428.29020884633064,111.65490594273433,0.06335653977016725,0.01651699792052283
12,41,6798,394.13334565609694,118.74510232592002,0.05797783843131758,0.017467652592809652
12,42,8827,590.7372718937695,210.4627520176582,0.06692390074700005,0.02384306695566537
12,43,5066,477.11766071245074,420.0392274353653,0.09418035150265511,0.08291338875550046
12,44,9989,853.0392386633903,411.2156991455704,0.08539786151400443,0.04116685345335573
12,45,10128,944.862768817693,208.9803992616944,0.09329213752149418,0.020633925677497472
12,46,6042,445.0902087651193,148.74118143506348,0.07366603918654739,0.024617871803221364
12,47,11091,1949.1961343735456,1097.90591315832,0.17574575190456637,0.09899070536095211
12,48,9503,839.3686501905322,285.45883281342685,0.08832670211412524,0.030038812250176454
12,49,6108,534.3608007915318,530.9764851564541,0.08748539633129204,0.08693131715069649
12,50,5626,442.72550392895937,272.67843928420916,0.0786927664288943,0.04846755053043177
12,51,5936,440.84707226604223,81.26274821162224,0.07426669007177261,0.013689816073386495
12,52,9971,874.6510050855577,73.18039557803422,0.08771948702091643,0.0073393235962324966
12,53,8248,688.8000190779567,158.5647112717852,0.08351115653224499,0.0192246255179177
12,54,4179,667.7372715175152,649.2509983628988,0.1597839845698768,0.15536037290330196
12,55,5850,386.11373875662684,66.31764975050464,0.0660023485054063,0.011336350384701648
13,1,7813,563.5647222474217,167.00000563403592,0.07213166802091664,0.021374632744660938
13,2,3820,240.82745863497257,69.50980639830232,0.06304383733899806,0.018196284397461338
13,3,5180,359.20001060143113,259.38039974775165,0.06934363139023766,0.0500734362447397
13,4,4279,259.168635353446,36.68235455825925,0.06056757077668755,0.008572646543178138
13,5,7125,421.29020979627967,64.41961067169905,0.059128450497723466,0.009041348866203376
13,6,5479,318.84314807131886,151.62745594000444,0.058193675501244546,0.02767429383829247
13,7,10953,671.7411959804595,322.4039316684939,0.06132942536113024,0.029435216987902302
13,8,5833,466.7294256892055,268.73726279009134,0.08001533099420632,0.046071877728457285
13,9,5301,298.62746039777994,38.286276371218264,0.056334174759060544,0.007222463001550323
13,10,5505,274.5882435031235,51.22745319548994,0.049879789918823525,0.00930562274214168
13,11,8419,688.435313872993,312.4549113898538,0.08177162535609847,0.03711306703763556
13,12,10521,654.6784529723227,435.54511119704694,0.06222587710030631,0.041397691397875386
13,13,6731,385.21569826826453,45.69019829109311,0.05723008442553328,0.006788025299523564
13,14,8863,721.0588433593512,317.6823626370169,0.0813560694301423,0.035843660457747596
13,15,9887,810.690219592303,139.2235346934758,0.08199557192194833,0.014081474126982484
13,16,5537,327.63138304278255,184.03137834882364,0.0591712810263288,0.0332366585423196
13,17,5933,370.1333457697183,302.4627538686618,0.062385529372951,0.05097973265947443
13,18,7284,512.8666810560971,285.4549104096368,0.07041003309391779,0.039189306755853484
13,19,7006,391.0000119842589,288.494126081001,0.05580930801944888,0.04117815102497874
13,20,10766,626.9372752830386,72.666670167353,0.05823307405564171,0.006749644265962568
13,21,7741,621.807862278074,252.11765469470993,0.08032655500298075,0.03256913250157731
13,22,5165,302.882363114506,191.06667232699692,0.05864130941229545,0.036992579346950036
13,23,6855,647.4509974345565,551.8274662294425,0.09444945257980401,0.08049999507358753
13,24,6316,357.6196185424924,150.67451467178762,0.05662121889526479,0.02385600295626783
13,25,9081,791.5529649425298,147.58039754629135,0.08716583690590571,0.016251557928233823
13,26,7062,433.6392295770347,116.40000427281484,0.061404592123624285,0.01648258344276619
13,27,9057,691.6549192480743,414.24314942304045,0.07636688961555418,0.04573734673987418
13,28,6453,439.0745229162276,234.839222909417,0.06804192203877693,0.036392255216088173
13,29,9108,784.3372777700424,428.86667962465435,0.08611520397123874,0.04708681155299235
13,30,10143,817.5843355748802,590.1372725749388,0.08060577103173422,0.058181728539380737
13,31,6110,328.9764801822603,278.8549101129174,0.053842304448815104,0.04563910149147585
13,32,6151,341.7255012243986,81.17647379264235,0.055556088639960755,0.013197280733643693
13,33,10508,688.7019800804555,468.8196222903207,0.06554072897606163,0.04461549507901796
13,34,4765,361.1333426386118,77.83921856479719,0.07578873927358065,0.016335617747071814
13,35,8769,654.7372721359134,261.5294201010838,0.07466498712919528,0.029824315212804632
13,36,9883,798.0666887480766,341.25883393827826,0.08075146096813483,0.03452988302522293
13,37,5616,357.5058921314776,258.2392235668376,0.06365845657611781,0.04598276772913775
13,38,7075,380.0509907826781,88.0941212051548,0.053717454527587014,0.012451465894721528
13,39,9838,825.7686514221132,595.1882530814037,0.08393663868897268,0.06049890761144579
13,40,7742,611.2157022245228,78.29412093153223,0.07894803697035944,0.010112906346103363
13,41,5788,482.7568762805313,395.48628595937043,0.08340650937811529,0.06832866032470118
13,42,7147,492.3804068043828,301.67059718770906,0.06889329883928681,0.04220940215303051
13,43,6324,327.184322591871,271.05883164843544,0.05173692640605171,0.04286192783814602
13,44,10431,645.698058526963,138.24706412665546,0.06190183669130122,0.013253481365799584
13,45,9329,732.5333539005369,274.7607930963859,0.07852217321262053,0.029452330699580438
13,46,7083,472.66667943261564,356.84314770950004,0.06673255392243621,0.05038022698143443
13,47,5162,308.1372637860477,234.63137929094955,0.05969338701783179,0.045453579870389296
13,48,6216,377.86667846143246,77.30588543787599,0.060789362686845635,0.012436596756415055
13,49,6104,377.10197169333696,184.39216276910156,0.06177948422236844,0.030208414608306283
13,50,6087,419.90589417517185,130.81569067342207,0.0689840470141567,0.021490995674950233
13,51,6000,399.9294232465327,218.37647731602192,0.06665490387442212,0.03639607955267032
13,52,3572,576.6039377357811,394.0078536621295,0.16142327484204397,0.11030455029734869
13,53,7129,410.92158276215196,101.05098430998623,0.05764084482566306,0.014174636598398967
13,54,6255,328.1176568605006,70.87059102021158,0.0524568596099921,0.011330230378930708
13,55,5883,597.807858582586,341.5490296697244,0.10161615818163965,0.0580569487794874
14,1,5194,257.7098119519651,194.0196138219908,0.049616829409311725,0.03735456561840408
14,2,5387,266.40393017977476,88.65882676513866,0.049453114939627764,0.016457922176561845
14,3,3918,280.0980466082692,154.47059284057468,0.071490057837741,0.03942587872398537
14,4,7858,498.7686416171491,121.99216135172173,0.06347272099989172,0.015524581490420174
14,5,5485,356.32550056651235,121.70196485193446,0.0649636281798564,0.022188143090598807
14,6,9276,582.2549196258187,606.6941355345771,0.06277004308169672,0.0654047149131713
14,7,4385,201.7254960797727,35.40000163810328,0.04600353388364258,0.008072976428301773
14,8,4902,244.8235370963812,77.87451266497374,0.04994360201884561,0.015886273493466694
14,9,4940,263.321576744318,123.82353342697024,0.0533039629037081,0.02506549259655268
14,10,6629,269.8156952597201,206.80784956132993,0.04070232241057778,0.03119744298707647
14,11,8874,532.5098203755915,481.39609181974083,0.06000786797110565,0.0542479256051094
14,12,8295,505.47452595084906,157.08627998828888,0.060937254484731654,0.018937465941927533
14,13,7490,499.611778492108,180.23137853574008,0.06670384225528811,0.024062934383943937
14,14,7432,612.2666841857135,471.30981738399714,0.08238249249000451,0.063416283286329
14,15,4744,246.45490992069244,186.98431934043765,0.05195086634078677,0.03941490711223391
14,16,4180,221.77647826448083,116.61569005204365,0.05305657374748345,0.027898490443072643
14,17,5344,297.5843227561563,267.3333410997875,0.0556856891385023,0.05002495155310395
14,18,8094,673.6431558802724,225.03530120383948,0.08322747169264547,0.02780273056632561
14,19,9234,534.274527579546,186.5294181392528,0.05785948966640091,0.020200283532516006
14,20,9003,544.6196253970265,226.95687018195167,0.060493127335002395,0.025209027011213116
14,21,6074,308.26275380700827,35.07451161602512,0.05075119423888842,0.005774532699378518
14,22,5825,355.73334581032395,129.5372591665946,0.06107010228503416,0.022238156080102076
14,23,5131,239.15687127038836,139.3372594891116,0.04661018734562237,0.02715596559912524
14,24,7161,394.30981760285795,275.30589053221047,0.05506351314102192,0.03844517393272036
14,25,4381,228.51373280584812,162.4274557856843,0.052160176399417515,0.0370754293051094
14,26,5899,313.25491136312485,179.61569203156978,0.053103053290917926,0.03044849839490927
14,27,8260,490.9647209085524,221.69804643001407,0.05943882819716131,0.02683995719491696
14,28,4760,216.19216352701187,154.44314205273986,0.04541852174937224,0.03244603824637392
14,29,5013,275.04706716164947,106.88235649978742,0.05486675985670247,0.021321036604785043
14,30,10794,631.5647261962295,98.21569053083658,0.058510721344842455,0.00909910047534154
14,31,6165,321.4000091217458,113.1921607973054,0.05213301040093201,0.0183604478178922
14,32,5319,318.3176575116813,203.97255504271016,0.05984539528326402,0.03834791408962402
14,33,6202,301.2078531123698,131.72549465298653,0.04856624526158816,0.021239196171071676
14,34,7733,605.2941354513168,205.47059501893818,0.07827416726384545,0.026570618779120418
14,35,7971,582.576486594975,313.309813356027,0.07308700120373542,0.03930621168686827
14,36,5474,327.22746044769883,161.41176986973733,0.059778491130379766,0.029486987553843137
14,37,7528,465.2627599872649,375.29412826756015,0.061804298616799265,0.04985309886657281
14,38,9626,674.3372737802565,310.85883313184604,0.07005373714733602,0.032293666437964476
14,39,6321,302.39216408506036,152.27059322223067,0.04783929189765233,0.024089636643289142
14,40,9086,690.3764914274216,502.2392303501256,0.075982444577088,0.05527616446732617
14,41,5795,317.6705974265933,312.7882444560528,0.054818049599067005,0.053975538301303326
14,42,8826,596.3921761326492,263.49804776208475,0.0675721930809709,0.029854752748933237
14,43,4961,246.51373356208205,174.8941231095232,0.04969033129652934,0.03525380429540883
14,44,7249,370.1804034002125,111.85882778000087,0.051066409628943654,0.015430932236170626
14,45,8919,686.4510011151433,304.07844060799107,0.07696501862486191,0.03409333340150141
14,46,5221,328.85491148009896,212.23922191327438,0.06298695872057057,0.040651067211889366
14,47,5131,258.258831102401,249.10196785256267,0.05033304055786416,0.04854842483971208
14,48,6148,303.2627547234297,106.74902342120185,0.04932705834798791,0.017363211356734198
14,49,9956,642.6509993430227,408.7764832722023,0.06454911604489982,0.04105830486864226
14,50,5346,282.8941261842847,53.89411992346868,0.05291697085377566,0.010081204624666794
14,51,7144,395.63922761008143,90.97255266038701,0.05538063096445709,0.012734119913268059
14,52,8300,689.8549216203392,131.54510291386396,0.08311505079763122,0.01584880757998361
14,53,6363,360.78824534639716,166.93726040329784,0.05670096579387037,0.026235621625537928
14,54,4252,294.27451799437404,149.70196542423218,0.06920849435427423,0.035207423665153385
14,55,5491,297.1921655535698,110.93725868873298,0.05412350492689306,0.020203470895780912
14,56,10301,729.8470789119601,87.71372930146754,0.07085206085933017,0.00851506934292472
14,57,5980,287.6823605187237,198.2000059899874,0.04810741814694377,0.033143813710700236
14,58,5093,290.3176559768617,250.9686347404495,0.05700327036655443,0.04927717155712733
14,59,4948,243.78432116284966,211.63922199653462,0.04926926458424609,0.04277268027415817
14,60,6775,500.46276020631194,69.58823812147602,0.07386904209687262,0.010271326659996461
14,61,9932,594.0549204945564,115.07843601610512,0.05981221511221873,0.011586632703997696
14,62,3409,185.17647705227137,35.01960929296911,0.05431988179884757,0.010272692664408656
14,63,6156,303.62745920568705,88.96863082423806,0.049322199351151244,0.014452344188472719
14,64,5736,282.2235373221338,248.73726206924766,0.04920215085811258,0.04336423676242114
14,65,5316,289.1921658888459,155.23137743817642,0.05440033218375582,0.029200785823584728
14,66,5460,273.7882443331182,146.08627914683893,0.05014436709397769,0.02675572878147233
14,67,8239,459.721582621336,218.0862815133296,0.055798225830966865,0.02646999411498114
14,68,4357,220.06667409092188,22.443138523958623,0.05050876155403302,0.005151053138388484
15,1,7036,447.1372676510364,175.3764761891216,0.06354992433926043,0.02492559354592405
15,2,7796,436.75687442719936,92.49019944295287,0.05602320092703943,0.011863801878264862
15,3,5066,255.92942053079605,166.25098560284823,0.050519032872245566,0.03281701255484568
15,4,6695,371.42354011163116,258.0078510395251,0.0554777505767933,0.038537393732565366
15,5,4218,192.3294172026217,30.168628920335323,0.04559730137568082,0.007152353940335543
15,6,5044,247.23530182614923,78.38431667117402,0.049015722011528394,0.015540110363040052
15,7,7476,544.3647199906409,198.02745745610446,0.07281497057124678,0.026488423950789788
15,8,4918,238.36079179495573,136.89020046126097,0.04846701744509063,0.027834526323965224
15,9,3547,145.89804382622242,108.80392512585968,0.0411328006276353,0.03067491545696636
15,10,4433,287.7098118364811,27.447060169186443,0.06490182987513672,0.006191531732277564
15,11,7160,470.18432803079486,541.40393728856,0.06566820223893782,0.07561507504030167
15,12,3355,160.768632825464,139.4666707557626,0.04791911559626349,0.04156979754270122
15,13,8642,603.5411940477788,297.03530292073265,0.0698381386308469,0.03437112970617133
15,14,5421,295.8313821107149,271.03530213050544,0.05457136729583378,0.049997288716197276
15,15,3972,154.13333892263472,34.47843290353194,0.03880496951727964,0.008680370821634425
15,16,5314,266.6000083759427,157.62353447498754,0.05016936552050107,0.02966193723654263
15,17,7521,454.9451111778617,224.2784385215491,0.06048997622362209,0.02982029497693779
15,18,5180,245.2980467453599,136.25098471576348,0.04735483527902701,0.026303278902657042
15,19,9316,551.0313903950155,215.94510521320626,0.0591489255469102,0.023180024174882595
15,20,8843,536.0902136340737,248.96863538213074,0.060623115869509636,0.02815431814792839
15,21,5733,383.7686380930245,312.5725582302548,0.06694028224193695,0.05452163932151662
15,22,8768,515.3843289092183,337.3333435114473,0.05878014700150756,0.0384732371705574
15,23,5189,249.7372624911368,202.35294737946242,0.04812820630008417,0.03899652098274473
15,24,7385,427.9215815104544,314.5451072230935,0.05794469620994643,0.042592431580649084
15,25,8720,522.0588399767876,249.7647140752524,0.05986913302486096,0.028642742439822524
15,26,6599,369.9372666962445,390.1607952909544,0.05605959489259653,0.059124230230482556
15,27,4661,215.96471271663904,170.1019659107551,0.046334415944355084,0.03649473630353038
15,28,7839,518.1764848791063,177.24314325628802,0.06610237082269502,0.022610427765823195
15,29,5293,297.69412710890174,166.5568679026328,0.05624298641770296,0.03146738482951687
15,30,6126,308.09412768110633,155.36078954301775,0.050292870989406845,0.02536088631129901
15,31,5382,262.55294958129525,243.76079159788787,0.0487835283502964,0.04529186020027645
15,32,4971,241.5294196009636,161.27451493078843,0.04858769253690678,0.032443072808446674
15,33,5027,280.09804831817746,226.69020288810134,0.05571872852957578,0.045094530114999275
15,34,7254,324.88236213847995,494.77256349660456,0.04478665041886958,0.0682068601456582
15,35,4885,243.9411844611168,180.99608377041295,0.04993678289889801,0.037051398929460175
15,36,6504,446.3686409406364,428.7647183518857,0.06862986484327128,0.06592323467894921
15,37,5494,279.50196954235435,264.79216465586796,0.05087403886828437,0.04819660805530906
15,38,4416,314.05883176252246,334.0274603301659,0.07111839487375962,0.07564027634288177
15,39,4829,306.211773827672,159.89804432168603,0.06341101135383558,0.03311204065472893
15,40,3475,150.46667151153088,133.99608271941543,0.04329976158605205,0.03856002380414832
15,41,4639,221.6862810216844,155.34118141327053,0.047787514770787756,0.03348591968382637
15,42,5721,275.4745177961886,297.6235375907272,0.04815146264572428,0.05202299206270358
15,43,6285,352.13726583123207,285.823537575081,0.05602820458730821,0.04547709428402243
15,44,5057,260.25883136689663,200.00000591482967,0.05146506453765012,0.03954914097584134
15,45,6276,304.3529509603977,246.38432101160288,0.04849473405997414,0.039258177344104986
15,46,7136,487.9764848202467,370.4862854159437,0.06838235493557268,0.05191792116254817
16,1,5483,251.6784400343895,153.78431873768568,0.045901594024145446,0.02804747742799301
16,2,6962,471.5372689887881,341.19216667255387,0.06773014492800748,0.04900778033216804
16,3,4845,224.16079049929976,157.31373038329184,0.04626641702771925,0.03246929419675786
16,4,5036,269.7098123282194,292.8313814359717,0.05355635669742244,0.05814761347020884
16,5,4684,222.411771832034,80.62353230081499,0.04748329885397822,0.017212538919900724
16,6,6608,354.1490310318768,302.7451068107039,0.053593981693685955,0.04581493747135349
16,7,4027,247.21961569041014,32.4588250531815,0.061390517926598,0.00806029924340241
16,8,5265,290.84314626827836,279.2588317152113,0.055240863488751825,0.05304061381105627
16,9,5093,262.97255712747574,184.98039766866714,0.05163411685204707,0.03632051790077894
16,10,5319,235.37647690624,176.56863310886547,0.044252016714841136,0.033195832507776926
16,11,7257,365.3725602552295,133.84706345619634,0.05034760372815619,0.01844385606396532
16,12,5211,264.0274590961635,211.21569257834926,0.05066733047326109,0.04053266025299353
16,13,8487,617.9451166652143,222.5176542615518,0.0728107831583851,0.02621864666684951
16,14,5105,270.0509893000126,131.57255330355838,0.0528993123016675,0.025773271949766578
16,15,7774,372.6313839405775,190.3490257752128,0.04793303112176196,0.024485339050065964
16,16,5656,294.3294211290777,180.95686831977218,0.05203844079368417,0.03199378859967684
16,17,7043,537.2274672947824,494.94511174596846,0.0762782148650834,0.07027475674371268
16,18,6264,335.0666783116758,311.65883242571726,0.0534908490280453,0.049753964308064696
16,19,6292,292.5098115578294,102.33725862530991,0.04648916267606951,0.016264662845726304
16,20,6497,397.780405100435,145.50196561357006,0.06122524320462291,0.02239525405780669
16,21,8498,610.1019767411053,291.45098942518234,0.0717935957567787,0.03429642144330223
16,22,7144,439.72158175706863,219.48235992481932,0.06155117325826828,0.030722614771111326
16,23,6497,389.6588345915079,165.68627994833514,0.05997519387278866,0.025501967053768684
16,24,6603,419.2745207063854,400.3215806740336,0.0634975799949092,0.06062722712010202
16,25,3963,290.0470668114722,212.67451609205455,0.07318876275838308,0.05366503055565343
16,26,5861,292.2745180465281,211.70196719653904,0.04986768777453133,0.03612045166294814
16,27,4869,241.93726195022464,132.79216109402478,0.04968931237425028,0.02727298441035629
17,1,5631,257.8941245265305,53.85882584750652,0.04579899210202992,0.00956470002619544
17,2,5493,257.71373292058706,203.87059441488236,0.0469167545823024,0.0371146175887279
17,3,5027,254.90981130301952,106.26667034393176,0.05070813831370987,0.021139182483376123
17,4,5019,235.96863447129726,96.68235627794638,0.04701506962966672,0.01926327082644877
17,5,7687,402.7804046086967,150.4941229391843,0.05239760694792464,0.01957774462588582
17,6,4433,221.3960859142244,19.576471732463688,0.049942721839437036,0.004416077539468461
17,7,11206,610.6941354423761,318.1568729225546,0.05449706723562164,0.028391653839242782
17,8,4631,274.96079218387604,155.03922038245946,0.05937395642061672,0.03347856194827455
17,9,5021,239.21961459890008,56.12549248151481,0.04764381888048199,0.011178150265189167
17,10,7216,366.7882457487285,75.30588554684073,0.050829856672495635,0.010435959748730699
17,11,8518,520.4039375074208,127.54902450321242,0.06109461581444245,0.014974057819113927
17,12,4650,298.03138142824173,206.4588296515867,0.06409277019962188,0.04439974831216918
17,13,6568,460.20393550023437,93.40784658584744,0.07006759066690535,0.014221657519160694
17,14,7808,592.7647225745022,184.40784930903465,0.07591761303464424,0.023617808569292346
17,15,6361,325.34118738397956,273.3529491284862,0.05114623288539216,0.042973266644943595
17,16,7428,495.05491629615426,273.88628253061324,0.06664713466561042,0.03687214358247351
17,17,5935,327.9019701387733,173.3176525970921,0.05524885764764504,0.029202637337336496
17,18,5445,254.89804660901427,79.1215716325678,0.046813231700461755,0.0145310508048793
17,19,5102,218.756869032979,143.25098487641662,0.04287668934397864,0.0280774176551189
17,20,8463,496.80785774439573,146.67451500613242,0.0587035162169911,0.01733126728183061
17,21,8585,589.5019787624478,206.29020293755457,0.06866650888322048,0.024029144197734952
17,22,6535,500.7764847166836,52.08627688512206,0.07662991349910997,0.007970356065053108
17,23,6299,412.46275748685,336.37648059241474,0.06548067272374186,0.053401568596985985
17,24,5800,351.50589371472597,53.49411998549476,0.060604464433573445,0.009223124135430132
17,25,5457,309.55295119434595,171.37647598981857,0.056725847754140725,0.03140488839835415
17,26,6205,350.26667745783925,286.26667520124465,0.05644910192712961,0.04613483887207811
17,27,8595,516.4235446192324,187.07451609009877,0.06008418203830511,0.02176550507156472
17,28,5355,293.0156948752701,75.10196357918903,0.05471815030350516,0.014024643058672088
17,29,6206,394.13334593735635,269.9411845197901,0.0635084347304796,0.04349680704476154
17,30,6780,450.8549159616232,225.14902645163238,0.06649777521557865,0.03320782101056525
17,31,5573,340.2902059145272,63.51764962542802,0.06106050707240753,0.011397389130706625
17,32,5852,333.95687333121896,86.31765026599169,0.05706713488229989,0.014750111118590514
17,33,5407,359.9921669661999,115.65882749063894,0.06657891011026446,0.021390572866772508
17,34,6670,473.7137393653393,242.20785053819418,0.07102155012973603,0.03631302107019403
17,35,6098,399.01177605986595,159.12941686529666,0.06543322008197211,0.02609534550103258
17,36,4215,240.5529495254159,268.0156942307949,0.05707068790638574,0.06358616707729417
17,37,9739,689.0431566499174,114.80784761114046,0.07075091453433796,0.011788463662710798
17,38,6768,421.22354267537594,106.35686671826988,0.06223752108087706,0.01571466706830229
17,39,5600,285.1804002970457,86.3725522030145,0.050925071481615306,0.015423670036252588
17,40,6414,340.4745206832886,114.447062977124,0.05308302474014477,0.017843321324777676
17,41,5748,270.8431449010968,168.1333387149498,0.047119545041944474,0.02925075482166837
17,42,5817,309.23138144239783,170.2823585984297,0.05315994179858997,0.029273226508239592
17,43,6146,335.9804024249315,12.721569352317601,0.05466651520093256,0.0020698941347734464
17,44,5371,267.69804564118385,44.737256922293454,0.04984137881980708,0.008329409220311572
18,1,6705,412.6784432977438,273.9451062846929,0.061547866263645605,0.04085683911777672
18,2,5033,283.2666756659746,191.11373150441796,0.05628187475978037,0.03797213024129107
18,3,6030,347.8117755576968,56.513727962970734,0.05768022811902103,0.009372094189547386
18,4,5791,335.82746055722237,140.3137301830575,0.0579912727607015,0.024229620131766102
18,5,5865,382.67059963196516,102.64314089110121,0.06524647905063345,0.01750096178876406
18,6,5796,360.3490307815373,155.83137760171667,0.062172020493708985,0.02688602098028238
18,7,3392,528.6000157222152,289.1686356179416,0.1558372687860304,0.08525018738736487
18,8,6976,383.37648306041956,87.51372898789123,0.05495649126439501,0.012544972618677068
18,9,6338,336.0784413255751,80.15294429892674,0.053025945302236525,0.01264640964009573
18,10,11045,818.9882569089532,343.7294227126986,0.07415013643358562,0.03112081690472599
18,11,4019,627.3451185040176,429.9451096141711,0.15609482918736442,0.10697813127996295
18,12,6156,641.5725655145943,332.7725590453483,0.10421906522329343,0.05405662102750947
18,13,11256,809.8627676703036,263.9058909788728,0.07194942854213784,0.023445796995280096
18,14,5599,364.4039323888719,149.15294595295563,0.06508375288245613,0.026639211636534314
18,15,7028,614.2353107407689,53.58039464149624,0.08739830830119079,0.007623846704823028
18,16,8595,619.3058977611363,43.71372787281871,0.07205420567319794,0.005085948559955638
18,17,10593,611.4784506186843,43.964708163402975,0.0577247664135452,0.004150354778004624
18,18,7856,724.0353147052228,190.41177088674158,0.09216335472316992,0.024237750876621892
18,19,7439,492.894132360816,304.04314624890685,0.0662581169997064,0.04087150776299326
18,20,6984,548.2941338941455,117.36863173358142,0.07850717839263252,0.016805359641119906
18,21,7253,692.9411980733275,231.8902032529004,0.09553856308745727,0.03197162598275202
18,22,3545,317.3098143041134,182.20392682310194,0.08950911545955244,0.05139744057069166
18,23,5794,310.0274603776634,78.38039517402649,0.05350836388982799,0.013527855570249653
18,24,6361,384.1058938577771,148.933338414412,0.06038451404775619,0.02341351020506398
18,25,7628,502.93726993724704,259.7803999008611,0.06593304535097627,0.034056161497228774
18,26,6678,356.9255007915199,201.00392784690484,0.05344796358064089,0.030099420162759037
18,27,9231,918.3843380324543,565.560800945852,0.09948914939144776,0.061267555080256955
18,28,4911,355.6862844489515,236.20785002224147,0.07242644765810456,0.048097709228719504
18,29,3548,514.6706041097641,432.8549135918729,0.14505935854277455,0.12199969379703295
18,30,7410,436.7647200413048,367.71765753719956,0.05894260729302359,0.04962451518720642
18,31,5824,278.8196165934205,33.729413613677025,0.04787424735463951,0.005791451513337402
18,32,4705,287.7137352898717,164.09020115062594,0.06115063449306518,0.03487570693955918
18,33,5256,322.37648029252887,87.48235607659444,0.06133494678320565,0.016644283880630602
18,34,6441,471.6392286848277,52.1529436185956,0.073224534805904,0.008097025868435895
18,35,5961,444.8823643885553,399.89412928186357,0.0746321698353557,0.06708507453143156
18,36,5575,384.82746210321784,290.1843225057237,0.0690273474624606,0.05205099955259618
18,37,5030,316.8784414958209,84.44314029160887,0.0629977020866443,0.0167879006543954
18,38,5306,297.4353031143546,49.48627665732056,0.056056408427130534,0.009326475057919443
18,39,6205,380.00785472616553,145.95294595509768,0.06124220060051016,0.02352182851814628
18,40,9950,839.9019863568246,346.4117752769962,0.08441225993535927,0.034815253796683036
18,41,7529,415.3019729759544,93.69804294360802,0.055160309865314706,0.012444951911755613
18,42,8048,504.38040716201067,83.94902307307348,0.06267152176466335,0.010431041634328215
18,43,5615,343.15687329508364,203.60784956114367,0.06111431403296236,0.03626141577224286
18,44,9733,702.8039387259632,97.41961193177849,0.07220835700461967,0.010009207020628633
18,45,9255,670.9804116934538,456.65883668418974,0.07249923411058387,0.04934185161363476
18,46,6527,378.25883596017957,220.20000700931996,0.05795293947605019,0.033736786733464065
18,47,5929,424.04706966876984,113.4549059048295,0.07152084157004045,0.019135588784757886
18,48,5100,387.1058935672045,160.18431879067793,0.07590311638572637,0.03140868995895646
18,49,6911,393.1490313299,425.01569835841656,0.05688743037619737,0.06149843703637919
18,50,6680,420.1607958339155,231.72157602990046,0.06289832272962806,0.03468885868711085
18,51,6173,610.3451158013195,574.9882510323077,0.09887333805302438,0.09314567487968699
18,52,7858,552.9843292422593,274.25098885269836,0.07037214676027732,0.0349008639415498
18,53,9756,738.7529606185853,84.03529783058912,0.07572293569276192,0.00861370416467703
18,54,5845,372.8745203278959,129.5098082544282,0.06379375882427646,0.022157366681681473
18,55,10277,751.8117844834924,415.38432590989396,0.07315479074472048,0.04041883097303629
18,56,7811,892.5647279601544,379.0509915454313,0.1142702250621117,0.04852784426391388
18,57,11173,911.4117897227407,76.400003594812,0.08157270112975393,0.006837913147302605
18,58,7406,419.6509934924543,298.0117736365646,0.056663650215022184,0.040239234895566384
18,59,6323,629.0078634060919,1224.1725831720978,0.09947933946008096,0.1936062918190887
18,60,6646,418.0706012584269,130.90588686754927,0.06290559754114157,0.019696943555153366
18,61,6296,347.68628516048193,48.65882576582953,0.05522336168368518,0.007728530140697194
18,62,5735,338.82354032993317,11.760784985497594,0.05907995472187152,0.00205070357201353
18,63,6174,363.7098155543208,324.4666759856045,0.058909915055769486,0.052553721410042845
18,64,5272,356.1411870121956,173.9529467546381,0.06755333592795819,0.03299562722963545
18,65,4291,379.98040422052145,149.6784358662553,0.08855287910056431,0.03488194730045568
18,66,9130,688.1608030349016,336.596088626422,0.07537358193153358,0.03686704147058291
18,67,6426,363.60785480216146,22.568628706037998,0.056583855400274115,0.003512080408658263
18,68,5462,291.5098122097552,62.48627703730017,0.05337052585312252,0.011440182540699409
18,69,7301,483.9686419889331,128.94118098402396,0.06628799369797742,0.017660756195592927
18,70,7474,518.2509966231883,333.3921665898524,0.06934051332930001,0.044606926222886326
18,71,8548,564.7725649159402,148.56078957905993,0.06607072589096165,0.017379596347573693
19,1,9753,847.9098285026848,73.73725828249007,0.08693836035093662,0.007560469422997034
19,2,7973,611.8941353857517,113.11765143088996,0.07674578394403006,0.014187589543570796
19,3,3842,589.4431517180055,485.709817671217,0.15342091403383798,0.1264210873688748
19,4,6024,428.41569892317057,73.65098328050226,0.0711181439115489,0.01222625884470489
19,5,10674,909.3098306767642,103.56863187765703,0.08518922903098784,0.009702888502684751
19,6,6609,393.2823652923107,35.82353134127334,0.05950709113213962,0.005420416302205074
19,7,8809,766.7608063966036,250.85098854172975,0.08704288868164418,0.028476670285132222
19,8,7865,780.0902185104787,361.36471659876406,0.09918502460400239,0.04594592709456632
19,9,9495,709.9059023354203,178.3215748150833,0.0747662877657104,0.018780576599798135
19,10,5047,363.4549128487706,125.24706298019737,0.07201405049510018,0.02481614087184414
19,11,6089,445.83138367161155,107.70980765018612,0.07321914660397627,0.017689244153421928
19,12,8755,616.2666855752468,207.72157570021227,0.07039025534840054,0.023726050908076786
19,13,7174,423.35687689483166,334.0823626704514,0.0590126675348246,0.04656849214809749
19,14,4984,396.6784432642162,86.79215990146622,0.07959037786200164,0.017414157283600767
19,15,9943,854.8588472157717,368.1451091472991,0.08597594762302843,0.03702555658727739
19,16,8649,1060.7882666438818,134.83137758402154,0.12264866072885672,0.015589244720085736
19,17,7836,539.5725639462471,136.68235783139244,0.06885816283132301,0.017442873638513583
19,18,5805,485.0784454680979,28.3333348990418,0.08356217837521067,0.004880850111807373
19,19,10273,1026.945126350969,267.9529499532655,0.09996545569463341,0.026083223007229192
19,20,6688,486.2117772102356,215.63922240538523,0.07269912936755915,0.0322427066993698
19,21,6088,417.0470707602799,150.58824035245925,0.06850313251647173,0.024735256299681218
19,22,7021,482.50981778651476,294.6039302838035,0.06872380256181666,0.04196039457111572
19,23,6085,478.2666775044054,138.97255376167595,0.07859764626202224,0.02283854622213245
19,24,10263,980.4235587306321,487.9294259082526,0.09552991900327702,0.04754257292295163
19,25,7166,463.3764841258526,109.50980798946694,0.06466319901281783,0.015281859892473756
19,26,11177,1014.2078733593225,187.78039894625545,0.09074061674504094,0.01680060829795611
19,27,4778,474.92550539784133,190.3725543944165,0.09939838957677717,0.03984356517254427
19,28,5836,428.8039327375591,133.69804372033104,0.07347565674050019,0.022909191864347336
19,29,5314,458.4039350040257,94.5411797943525,0.08626344279338083,0.017790963453961705
19,30,5691,485.0509950220585,205.66667273128405,0.08523124143771894,0.036138933883550176
19,31,7020,459.2627595178783,253.77255666302517,0.06542204551536727,0.03614993684658478
19,32,6943,435.20001393929124,160.67843668395653,0.06268183982994256,0.02314250852426279
19,33,7013,464.5529541410506,138.082357742358,0.06624168745772858,0.019689484919771568
19,34,5786,531.1804064288735,313.3568722018972,0.09180442558397399,0.054157772589335844
19,35,7793,640.047074649483,396.68236412946135,0.08213102459251674,0.05090239498645725
19,36,6427,495.49413277953863,117.16471000015736,0.07709571071721466,0.018230077796819257
19,37,5669,371.2313841916621,109.11372938286513,0.06548445655171319,0.019247438592849733
19,38,7741,610.8078576624393,311.87844058778137,0.07890554936861378,0.0402891668502495
19,39,6893,439.42746399343014,102.0588272898458,0.06374981343296535,0.014806155126918004
19,40,9990,874.7059095911682,275.35295019997284,0.08755814910822504,0.027562857877875158
19,41,7716,589.807858357206,238.0666739596054,0.0764395876564549,0.030853638408450672
19,42,7124,539.5843291021883,327.0196167854592,0.07574176433214323,0.04590393273237777
19,43,6881,490.59217131510377,243.8980466471985,0.07129663876109632,0.03544514556709759
19,44,5818,347.3607952333987,18.901961869560182,0.05970450244644185,0.0032488762237126473
19,45,6602,496.09805246442556,153.0274560339749,0.0751436007973986,0.023178954261432124
19,46,5461,389.63922680541873,232.76863431977108,0.07134942809108565,0.042623811448410744
19,47,4697,472.7490332983434,168.7294169361703,0.1006491448367774,0.03592280539411759
19,48,8866,716.878448408097,312.46667632553726,0.08085703230409395,0.03524325246171185
19,49,10803,983.9961052797735,357.30197162600234,0.09108544897526367,0.03307432857780268
19,50,7554,451.9058962762356,193.3411826887168,0.05982339108766688,0.025594543644256923
19,51,7131,419.3490338139236,140.58431853726506,0.05880648349655358,0.019714530716206012
19,52,6501,441.7411889396608,135.50980850216,0.06794972910931561,0.02084445600710045
20,1,6098,476.14511149562895,203.9137319154106,0.07808217636858461,0.03343944439413096
20,2,10367,934.7608109172434,91.78039622306824,0.09016695388417512,0.008853129760110759
20,3,7160,471.3529551066458,82.38431707257405,0.06583141831098405,0.011506189535275706
20,4,9141,671.192173987627,136.7411815575324,0.07342655879965289,0.014959105301119395
20,5,4515,232.56471321731806,33.509805547539145,0.05150934954979359,0.007421883842201361
20,6,8735,632.6745268814266,70.46274832217023,0.07242982563038655,0.008066714175405864
20,7,5840,439.4823661260307,192.29804518679157,0.07525382981610114,0.032927747463491704
20,8,4484,232.18824280798435,35.54117814684287,0.0517814992881321,0.007926221709822228
20,9,6050,425.85099342279136,77.71372848376632,0.07038859395418039,0.012845244377482036
20,10,8366,630.0784459374845,204.67059504101053,0.0753141819193742,0.024464570289386867
20,11,7767,547.5529570169747,72.52549336338416,0.07049735509424163,0.009337645598478711
20,12,6484,471.9215804487467,83.90980720380321,0.07278247693534033,0.012941056015392229
20,13,9163,594.1764889322221,81.81176831200719,0.06484519141462644,0.008928491576122142
20,14,5296,500.10589709319174,152.0235343691893,0.09443087180762684,0.02870535014523967
20,15,6821,501.14511083066463,282.06667518010363,0.0734709149436541,0.04135268658262771
20,16,6057,426.13334434106946,99.9490231811069,0.07035386236438326,0.016501407162144113
20,17,8232,648.2666809856892,320.4235390108079,0.0787495968155599,0.03892414225106996
20,18,6556,431.5921691954136,86.5843171114102,0.06583163044469396,0.013206881804669036
20,19,7739,561.4627598673105,182.27059431374073,0.07254978160838746,0.023552215313831337
20,20,6884,459.5058953948319,109.14902369771153,0.06674983954021381,0.015855465383165533
20,21,5713,463.5019734315574,25.588236736599356,0.08113109984798834,0.004478949192473194
20,22,7688,659.6823709644377,228.91765429405496,0.08580676001098306,0.02977596960120382
20,23,9753,950.9255159758031,373.4627565043047,0.09750082189847259,0.03829209028035525
20,24,7315,537.0039366260171,173.96471162047237,0.07341133788462298,0.023781915464179407
20,25,10083,1007.7568929307163,164.6705942233093,0.09994613636127306,0.016331507906705275
20,26,7843,493.45099529623985,104.03921974636614,0.0629161029320719,0.01326523265923322
20,27,6687,533.6509952601045,303.2862836322747,0.07980424633768574,0.0453546109813481
20,28,6816,454.89413088187575,109.85098443552852,0.0667391623946414,0.016116635040423783
20,29,7981,523.4902116730809,69.282356034033,0.06559205759592544,0.008680911669469115
20,30,6786,547.600013691932,252.27059592027217,0.08069555167874035,0.03717515412912941
20,31,5212,500.2274674028158,192.01961348671466,0.09597610656232076,0.03684182914173344
20,32,9478,1026.254928002134,416.58040461922064,0.10827758261259063,0.04395235330441239
20,33,7007,556.5529556758702,214.71373232547194,0.07942813695959329,0.03064274758462565
20,34,8406,751.2784538418055,269.67059673182666,0.08937407254839465,0.03208072766260132
20,35,7383,611.6196240708232,275.2431456586346,0.0828416123622949,0.03728066445328926
20,36,7705,528.6666817590594,62.30980670079589,0.06861345642557552,0.008086931434236975
20,37,7901,583.3019775841385,153.82745630992576,0.07382634825770643,0.01946936543601136
20,38,7365,508.1960925422609,90.92941537126899,0.0690015061157177,0.012346152799900745
20,39,4747,463.9568761475384,187.11373111978173,0.09773686036392215,0.039417259557569355
20,40,9721,966.1921894140542,160.85098611423746,0.0993922630813758,0.016546753020701313
21,1,4697,455.9372679144144,183.93726038374007,0.0970698888470118,0.03916058343277413
21,2,9735,970.0863060206175,169.58431963715702,0.09964933806066949,0.017420063650452698
21,3,8526,764.0039438940585,271.9294204185717,0.08960871966855014,0.031894137980128044
21,4,6115,439.0431489162147,195.6509864614345,0.07179773490044394,0.03199525534937604
21,5,6967,497.01177879050374,154.42745614610612,0.07133799035316546,0.02216555994633359
21,6,6777,515.3804046548903,235.34510540263727,0.07604845870663868,0.03472703340750144
21,7,6879,417.7686403207481,51.07059063250199,0.06073101327529409,0.0074241300526969025
21,8,8961,868.8627695776522,306.4392251679674,0.0969604697665051,0.03419698975203296
21,9,7866,541.8313873559237,228.58824270404875,0.0688827087917523,0.029060290198836606
21,10,8217,712.4745315350592,66.88235596986488,0.08670737879214546,0.008139510279891064
21,11,4790,478.0706011019647,49.670590308494866,0.09980597100249786,0.010369643070666987
21,12,5846,454.45491391420364,190.654907932505,0.07773775468939507,0.032612881959032676
21,13,11205,980.0353250391781,101.28627875307575,0.0874641075447727,0.009039382307280299
21,14,6304,427.6235412582755,93.71765061886981,0.06783368357523406,0.014866378588018689
21,15,10503,941.2549295183271,241.58824335364625,0.08961772155749091,0.023001832176868155
21,16,7128,540.9372711032629,20.631373683921993,0.07588906721426247,0.002894412694152917
21,17,7880,576.19609509781,75.41961111314595,0.07312133186520432,0.009571016638724105
21,18,6851,508.38040651008487,84.53725822130218,0.07420528485039919,0.012339404206875227
21,19,6361,462.12550223618746,111.94118045456707,0.07264981956236244,0.017598047548273398
21,20,6170,445.7764840051532,29.59215849870816,0.07224902496031656,0.004796135899304402
21,21,6979,476.62746468931437,231.29412465170026,0.06829452137688986,0.03314144213378711
22,1,4281,417.69805123098195,168.16863254783675,0.09757020584699415,0.03928255840874486
22,2,8681,646.0588392950594,256.34902763878927,0.07442216787179581,0.029529896053310595
22,3,10551,879.8274755217135,261.21961651928723,0.08338806516175847,0.02475780651305916
22,4,7442,432.48628816753626,176.65490770433098,0.05811425533022524,0.023737558143554285
22,5,7026,407.83922949433327,128.67843574890867,0.05804714339515133,0.01831460799158962
22,6,6436,431.02746326103806,128.86667104437947,0.066971327417812,0.020022789161650012
22,7,7126,391.3451108112931,117.67451400635764,0.0549179218090504,0.016513403593370425
22,8,6424,355.73334388807416,65.01961056049913,0.055375676196773686,0.01012135905362689
22,9,6691,504.27844389900565,214.20784983364865,0.07536667820938658,0.0320143251881107
22,10,8196,483.8235453553498,100.03529814025387,0.05903166732007684,0.012205380446590272
22,11,8772,835.9294355493039,293.6980483564548,0.09529519329107432,0.03348130966215855
22,12,6719,479.6235426403582,312.2941268775612,0.07138317348420274,0.046479256865242034
22,13,6278,385.45491382852197,131.20784757565707,0.061397724407219176,0.020899625290802335
22,14,8224,645.3255074433982,270.17647878453135,0.07846856851208636,0.03285219829578445
22,15,7086,429.274523306638,76.996081631165,0.06058065527894976,0.010865944345352102
22,16,8522,828.0313959810883,119.38823982933536,0.09716397512099136,0.014009415610107412
22,17,7639,608.741193447262,217.7529483200051,0.07968859712622883,0.028505425882969643
22,18,9454,944.5529682468623,301.3411855720915,0.0999104049340874,0.03187446430845055
22,19,8345,737.0823729299009,383.0941288531758,0.08832622803234283,0.04590702562650399
22,20,6597,598.5647248029709,172.29804488364607,0.09073286718250279,0.026117636029050487
22,21,8104,587.5294289626181,385.807854458224,0.07249869557781566,0.04760708964193287
22,22,9565,893.9098320938647,516.1411920855753,0.09345633372648873,0.053961441932626794
22,23,5295,451.521581068635,130.4000043394044,0.08527319755781586,0.02462700742953813
22,24,7943,502.34119073301554,142.40000503137708,0.06324325704809462,0.017927735746113192
22,25,7519,543.4706030990928,262.09412560611963,0.07227963866193547,0.034857577551020036
22,26,7144,433.7058965116739,56.27843395899981,0.06070911205370576,0.007877720319008932
22,27,8912,720.3568834513426,247.57647841749713,0.08082999141060845,0.02778012549567966
22,28,6717,454.5921701230109,262.7921643173322,0.06767785769287046,0.03912344265555043
22,29,8308,603.6235473137349,306.47059758007526,0.07265569900261613,0.03688861309341301
22,30,7834,618.6666839160025,383.5725605376065,0.07897200458463141,0.048962542830942875
22,31,9087,892.6902204472572,431.23530719289556,0.09823816666086246,0.04745628999591676
22,32,10560,804.8235525041819,392.54903158545494,0.07621435156289601,0.037173203748622624
22,33,3527,279.54118329286575,134.8823571484536,0.07925749455425737,0.03824280043902852
22,34,6475,437.01569801196456,105.28235675347969,0.0674927718937397,0.01625982343683084
22,35,7432,436.4745230488479,134.20000461349264,0.05872908006577609,0.018057051212795026
22,36,6112,396.43138321489096,92.55686609679833,0.0648611556307086,0.015143466311648942
22,37,5359,409.9019718952477,215.41569271171466,0.0764885187339518,0.040196994348146046
22,38,7243,433.1098172031343,48.709806341677904,0.05979702018543895,0.0067250871657708
22,39,7036,537.9921732284129,255.0823606988415,0.07646278755378239,0.03625388867237656
22,40,8851,966.3882626481354,766.8980604675598,0.10918407667474132,0.08664535763953901
22,41,10226,713.1019811071455,114.64706353517249,0.06973420507599702,0.011211330288986162
22,42,6754,471.8039349243045,256.61961570288986,0.06985548340602672,0.037995205167736135
22,43,6896,382.13726694881916,160.43137782020494,0.05541433685452714,0.02326441093680466
22,44,5300,440.7411886677146,178.1803974583745,0.08315871484296501,0.03361894291667444
22,45,6924,552.5568774435669,401.2117766169831,0.07980313076885716,0.057945086166519805
22,46,9840,670.9568818695843,151.46275067748502,0.06818667498674637,0.015392555963159046
22,47,11245,986.81963654235,284.62353869108483,0.08775630382768787,0.025311119492315237
22,48,6500,454.8039329536259,95.79608200117946,0.06996983583901938,0.014737858769412224
22,49,6821,399.9607969559729,176.8588293888606,0.05863668039231387,0.02592857783152919
22,50,6694,368.17648255079985,234.705889725592,0.055000968412130244,0.03506212873104153
22,51,3736,238.0000071823597,52.98823729902506,0.06370449871048171,0.014183147028646965
22,52,10100,768.0235499851406,125.01569122774526,0.07604193564209312,0.012377791210667849
22,53,9415,794.7725713960826,95.99608242930844,0.08441556785938212,0.01019607885600727
22,54,4035,920.9568906147033,320.0705972709693,0.22824210424156216,0.0793235680968945
22,55,5324,486.61570055782795,261.89412542106584,0.09140039454504657,0.04919123317450523
23,1,4269,357.3725602924824,132.3725530905649,0.08371341304579114,0.03100785970732371
23,2,9030,633.8000179491937,246.27843953482807,0.07018826333878114,0.027273359859892366
23,3,6493,384.6235415302217,22.521569880656898,0.05923664585403075,0.0034685923118214844
23,4,5614,313.2745198830962,69.43137530097738,0.055802372619005385,0.012367541022617987
23,5,7056,448.000013910234,87.41961128590629,0.06349206546346853,0.012389400692447036
23,6,6403,430.200014077127,210.8235359173268,0.06718725817228283,0.03292574354479569
23,7,8395,565.7568791434169,142.05098547926173,0.06739212378122893,0.016920903571085374
23,8,5322,382.7490311861038,121.13333731517196,0.07191826967044417,0.022760867590223968
23,9,7028,551.0666822642088,112.5921610603109,0.0784101710677588,0.016020512387636725
23,10,7202,606.1607989314944,63.79215942276642,0.08416562051256517,0.008857561708243046
23,11,7466,401.3607972674072,114.59216103423387,0.053758478069569675,0.015348534829123208
23,12,7462,494.7960931956768,230.45490926224738,0.0663087768956951,0.03088379915066301
23,13,7920,684.5843325145543,528.1333490083925,0.08643741572153463,0.06668350366267582
23,14,6694,366.10197262465954,154.23137758858502,0.05469106253729602,0.023040241647532867
23,15,4078,254.30981290340424,108.78823878522962,0.06236140581250717,0.0266768609085899
23,16,5792,347.94903053715825,175.69412334263325,0.06007407295185743,0.030333930135123144
23,17,5908,364.37255908176303,213.25882997270674,0.06167443450943856,0.03609661983288875
23,18,10814,824.1059057191014,73.94510152377188,0.07620731512105618,0.006837904709059726
23,19,6913,439.66275837644935,89.129415249452,0.06359941535895405,0.012893015369514248
23,20,7114,432.3843273371458,101.06667053885758,0.06077935441905339,0.014206729060845878
23,21,4024,371.3098147138953,19.878432435914874,0.09227381081359227,0.0049399682991836166
23,22,8714,599.2353105992079,145.98431897722185,0.06876696242818543,0.016752848172736038
23,23,8563,572.3843308389187,234.49804681632668,0.06684390176794566,0.02738503407874888
23,24,5455,389.5647171549499,103.93333695922047,0.07141424695782767,0.019052857371076162
23,25,6111,374.88236509636045,138.0470632603392,0.061345502388538774,0.022589930168604024
23,26,7744,430.5176604986191,166.03922131238505,0.055593706159429115,0.021441015148810052
23,27,6070,351.0039312504232,73.24314023926854,0.057826018327911566,0.012066415195925625
23,28,5938,360.8784412369132,81.72941491147503,0.06077440910018747,0.01376379503392978
23,29,6779,333.1255007982254,249.2980472142808,0.04914080259599136,0.036775047531240716
23,30,5954,387.1764814890921,257.16471333475783,0.06502796128469804,0.04319192363701005
23,31,5868,357.8078537583351,95.72941521834582,0.06097611686406529,0.016313806274428393
23,32,8487,463.24707324430346,41.4941198839806,0.054583135765795154,0.004889138669020927
23,33,6419,328.29805033281446,93.01176824746653,0.05114473443415087,0.014490071389229869
23,34,8925,706.835312442854,258.76863585039973,0.07919723388715451,0.02899368468912042
23,35,10209,773.6313961856067,312.0784412524663,0.07577935117892122,0.030568953007392135
23,36,9340,735.0510010104626,255.9568709982559,0.07869925064351849,0.027404375909877505
23,37,6041,373.91765835881233,157.8078482686542,0.061896649289656075,0.026122802229540505
23,38,6631,353.24707087501884,143.23137729382142,0.05327206618534442,0.021600268028023138
23,39,6118,368.6353057771921,67.22353217797354,0.06025421800869436,0.010987828077471975
23,40,7453,485.6470731459558,111.61569039570168,0.06516128715228174,0.01497594128481171
23,41,7765,504.3411907069385,367.13334392849356,0.06495057188756452,0.04728053366754585
23,42,5333,320.7725587338209,93.92549361940473,0.06014861405096961,0.017612130811814126
23,43,10433,903.0627714283764,314.8353039510548,0.08655830263858684,0.03017687184424948
23,44,5056,332.5215773098171,78.05490478221327,0.06576771703121383,0.01543807452179851
23,45,9914,652.9921766445041,87.80000386573374,0.06586566236075288,0.00885616339174236
23,46,5954,379.94510965421796,176.7294171601534,0.06381342117135001,0.029682468451486966
23,47,6527,421.847071044147,151.9686326412484,0.06463108182076713,0.023283075324229876
23,48,7980,721.8117853626609,626.8706061374396,0.09045260468203771,0.07855521380168416
23,49,5023,271.0156953409314,30.607844743411988,0.053954946315136657,0.006093538670796732
24,1,5971,290.61177233979106,78.29019906185567,0.048670536315490044,0.013111739919922236
24,2,5543,252.0627520084381,141.9607888367027,0.045474066752379236,0.025610822449342
24,3,5641,279.2470672316849,138.09804382361472,0.0495031142052269,0.02448112813749596
24,4,6532,379.8549137599766,22.50196203449741,0.05815292617268473,0.003444880899341306
24,5,5571,310.51765701174736,64.9098065244034,0.055738225993851614,0.011651374353689355
24,6,4813,280.7254985719919,104.13725835410878,0.05832651123457135,0.021636662861855137
24,7,6522,364.78824676573277,152.7294168206863,0.055931960558989996,0.023417573876216853
24,8,7557,631.1176647804677,509.76079932041466,0.08351431319048137,0.0674554451925916
24,9,6047,352.6823644004762,258.7333407732658,0.05832352644294298,0.04278705817318766
24,10,4644,204.54902611672878,84.71372848050669,0.04404587125683221,0.018241543600453637
24,11,7964,605.1411946304142,384.52157956548035,0.07598457993852514,0.04828246855417885
24,12,4998,304.81961696222425,56.47059055743739,0.06098831871993282,0.011298637566514084
24,13,7596,423.2666798979044,179.60000595636666,0.05572231172958194,0.023644023954234684
24,14,5987,326.10197058692575,287.05491005349904,0.05446834317469947,0.04794636880800051
24,15,6734,335.26667730137706,270.4902045307681,0.04978715136640586,0.0401678355406546
24,16,7559,467.29805371165276,322.1725585204549,0.06182008912708728,0.04262105549946486
24,17,5971,401.9451099243015,42.443139219190925,0.06731621335191786,0.00710821289887639
24,18,8911,721.4353130199015,294.28628345020115,0.08096008450453389,0.03302505705871408
24,19,5660,341.78432412073016,190.50196662778035,0.060385922989528294,0.03365759127699299
24,20,4832,344.90589110553265,284.55294957291335,0.0713795304440258,0.058889269365255244
24,21,6733,447.0784432217479,320.72942187078297,0.06640107577925856,0.047635440646187875
24,22,9804,704.8000194430351,102.19216113211587,0.07188902687097462,0.01042351704733944
24,23,5302,317.8470685556531,91.14510138891637,0.05994852292637742,0.017190701883990262
24,24,3474,185.09020179137588,187.5058878529817,0.053278699421812285,0.05397406098243572
24,25,9406,745.0510013960302,488.0000142445788,0.07921018513672445,0.0518817791031872
24,26,8802,539.960799716413,46.69804159551859,0.061345239686027384,0.005305389865430423
24,27,6032,334.24706780165434,159.93333855364472,0.05541231230133527,0.0265141476382037
24,28,6057,292.6745187230408,138.78431825805455,0.04832004601668166,0.022913045774815018
24,29,8771,671.0706075616181,430.5411889203824,0.07651015933891439,0.0490868987481909
24,30,5732,347.7411875464022,198.08235938847065,0.06066664123279871,0.034557285308525934
24,31,5297,314.2313827909529,212.94902604538947,0.059322518933538404,0.04020181726361893
24,32,4912,361.9686378762126,85.52549324603751,0.0736906836067208,0.017411541784616756
24,33,5179,347.7843242697418,212.34510416910052,0.06715279480010461,0.04100117863855967
24,34,5361,268.9294199384749,146.3568674242124,0.050164040279514065,0.027300292375342733
24,35,5249,346.1607944779098,49.25098250294104,0.06594795093882831,0.009382926748512295
24,36,8150,670.7529594637454,413.6666785730049,0.08230097662131845,0.05075664767766931
24,37,7123,382.17256105691195,277.9019691152498,0.05365331476300884,0.03901473664400531
24,38,5618,378.30197220668197,144.0274558281526,0.06733748170286258,0.025636784590272802
24,39,4671,237.80000852793455,19.215687359217554,0.05090987123269847,0.004113827308759913
24,40,4918,254.364714179188,114.38431749120355,0.051721170024235055,0.023258299611875467
